,score,score,score,score,score,score,norm,norm,norm,norm,norm,norm,pval,pval,pval,pval,pval,pval
,baseMean,log2FoldChange,lfcSE,stat,pvalue,padj,baseMean,log2FoldChange,lfcSE,stat,pvalue,padj,baseMean,log2FoldChange,lfcSE,stat,pvalue,padj
source,,,,,,,,,,,,,,,,,,
2-Oxocarboxylic acid metabolism Homo sapiens hsa01210,0.7082132,-0.58030957,0.52128595,-0.33971006,0.5124623,0.41891953,1.1578785,-1.2258496,1.105563,-0.7292009,0.85063785,0.772279,0.26617953,0.21956521,0.35273573,0.78294575,0.7808642,0.8871473
ABC transporters Homo sapiens hsa02010,0.6663963,0.40373424,0.22841394,0.2708016,0.5877538,0.45520392,1.1731943,1.128932,0.6089139,0.8091473,1.1130598,0.9873709,0.15715715,0.29591838,0.94959676,0.77603143,0.175,0.526
AGE-RAGE signaling pathway in diabetic complications Homo sapiens hsa04933,0.6265656,0.21185239,0.2411955,0.27851018,0.47647876,0.3881033,1.1433688,0.71097666,0.6960879,1.0257708,0.9575492,0.90219367,0.113,0.91214055,0.96,0.42382812,0.718,0.878
AMPK signaling pathway Homo sapiens hsa04152,0.5293178,0.27272195,0.34235153,-0.30861372,0.4854023,0.42901272,0.9759707,0.9577725,1.0038358,-1.1989979,0.98054004,1.0106815,0.598,0.50311524,0.508,0.15830116,0.613,0.433
Acute myeloid leukemia Homo sapiens hsa05221,0.59077394,-0.2301044,0.29863232,-0.2717252,0.44805607,0.34062117,1.0657881,-0.76297206,0.8391904,-0.93518513,0.8829616,0.7733911,0.329,0.8025,0.826,0.55833334,0.922,0.986
Adherens junction Homo sapiens hsa04520,0.45405507,0.15875708,0.24951169,0.22066128,0.46618864,0.41504624,0.8301301,0.5166048,0.7170565,0.80420065,0.9312176,0.9580126,0.91,1.0,0.951,0.83206105,0.802,0.653
Adipocytokine signaling pathway Homo sapiens hsa04920,0.5662076,-0.22731826,0.22455767,-0.26813313,0.46770963,0.40729082,1.0195593,-0.74233985,0.63360405,-0.905836,0.92065424,0.9253693,0.471,0.81954885,0.976,0.60437375,0.816,0.751
Adrenergic signaling in cardiomyocytes Homo sapiens hsa04261,0.47107455,0.35832995,0.3829928,0.24499618,0.528036,0.43299565,0.8728126,1.2404721,1.1353372,0.9581847,1.0690018,1.0202752,0.901,0.16666667,0.176,0.55331993,0.122,0.37
African trypanosomiasis Homo sapiens hsa05143,0.6733738,0.40079355,0.4162163,0.29242063,0.46376303,0.3977605,1.1538817,0.9262581,0.9933087,0.7235889,0.8253578,0.80114704,0.2680203,0.54083484,0.5126051,0.82591873,0.8741188,0.8773869
"Alanine, aspartate and glutamate metabolism Homo sapiens hsa00250",0.66713595,0.4563909,0.41472092,0.36506742,0.54608715,0.48186216,1.1680138,1.2005677,1.0762963,1.0107949,1.0149758,1.0190979,0.21242484,0.2231834,0.38742393,0.43856332,0.454,0.416
Alcoholism Homo sapiens hsa05034,0.46145195,0.30691323,0.32762837,0.22783434,0.48506656,0.37370658,0.8481526,1.0112435,0.94719195,0.8471519,0.971158,0.8676129,0.893,0.40880504,0.637,0.7765151,0.639,0.942
Aldosterone synthesis and secretion Homo sapiens hsa04925,0.66572595,0.54122615,0.54402757,0.35852045,0.5073722,0.41953227,1.217806,1.6969268,1.5523624,1.2856153,1.0046289,0.95557535,0.046,0.015432099,0.0,0.119373776,0.48,0.654
Aldosterone-regulated sodium reabsorption Homo sapiens hsa04960,0.5509244,0.25261143,0.28790995,-0.33878437,0.5845686,0.4891186,0.9707869,0.6936183,0.76959974,-0.98954993,1.1070777,1.0575314,0.579,0.86970687,0.81845844,0.4515464,0.189,0.308
Allograft rejection Homo sapiens hsa05330,0.33276522,0.4206897,0.49622947,0.31866592,0.5038564,0.47327164,0.5529313,0.93905073,1.1307267,0.71186596,0.8707001,0.9108501,0.97805643,0.5330882,0.3351469,0.8118812,0.7852077,0.6585613
Alzheimer's disease Homo sapiens hsa05010,0.45596677,0.2731421,0.3532898,0.18893293,0.49466738,0.43265313,0.8489858,0.96021503,1.0358068,0.7571213,1.0065383,1.0266823,0.932,0.4817073,0.414,0.9313929,0.45,0.35
Amino sugar and nucleotide sugar metabolism Homo sapiens hsa00520,0.59315825,-0.22335824,0.35661697,-0.31917906,0.6073495,0.52708805,1.0619961,-0.70248586,0.9731255,-1.0262399,1.1800528,1.1755143,0.361,0.8710407,0.5535536,0.41525424,0.037,0.061
Aminoacyl-tRNA biosynthesis Homo sapiens hsa00970,0.4910577,0.35396874,0.38878912,0.30047044,0.5674144,0.4766176,0.8556283,0.89148843,0.9763739,0.81157076,1.0408915,0.9940096,0.7532598,0.5985401,0.54385966,0.71428573,0.36736736,0.4914915
Amoebiasis Homo sapiens hsa05146,0.46286213,0.29146904,0.30803803,-0.2083018,0.45194405,0.37461835,0.83839,0.94437075,0.8749047,-0.7530774,0.9021794,0.8641736,0.898,0.51592356,0.772,0.8891129,0.896,0.93
Amphetamine addiction Homo sapiens hsa05031,0.39338404,0.28560892,0.34792838,-0.2738432,0.5431234,0.48191735,0.71687514,0.86580396,0.9792748,-0.9256398,1.0633688,1.0892816,0.973,0.64521194,0.551,0.5575397,0.242,0.197
Amyotrophic lateral sclerosis (ALS) Homo sapiens hsa05014,0.4558171,-0.20243487,0.24244483,0.20236742,0.5454862,0.4756004,0.81948674,-0.655677,0.6680114,0.6604365,1.0541168,1.0571623,0.869,0.9335038,0.9409409,0.94541913,0.304,0.309
Antigen processing and presentation Homo sapiens hsa04612,0.4251654,0.47304043,0.5425383,0.27678782,0.45159596,0.38147247,0.75490326,1.3072203,1.4323968,0.817615,0.85584325,0.828748,0.9258517,0.14107142,0.02112676,0.74563104,0.892,0.9019019
Apoptosis Homo sapiens hsa04210,0.4819806,0.20444456,0.1998245,-0.24474944,0.47399154,0.38624984,0.88588303,0.7223713,0.59091884,-0.9550836,0.9616786,0.91126543,0.867,0.9100775,0.998,0.53360486,0.706,0.876
Arachidonic acid metabolism Homo sapiens hsa00590,0.49404925,-0.3629896,0.32739222,-0.29836562,0.5607451,0.5149062,0.8834407,-1.0765343,0.8849211,-0.9233921,1.082333,1.1342198,0.74,0.3004926,0.71370965,0.5276074,0.222,0.144
Arginine and proline metabolism Homo sapiens hsa00330,0.48370153,-0.21003976,0.36896726,-0.309225,0.4901123,0.4298964,0.8612582,-0.6481965,1.00453,-0.97812057,0.9519853,0.9632724,0.825,0.91729325,0.48445335,0.46346554,0.695,0.609
Arginine biosynthesis Homo sapiens hsa00220,0.63119847,0.49376404,0.4404365,0.3873482,0.59897417,0.45873287,1.0667541,1.1506922,1.0321879,0.9146127,1.0690119,0.92209375,0.38172588,0.2893773,0.45079365,0.59607846,0.30885312,0.6437941
Arrhythmogenic right ventricular cardiomyopathy (ARVC) Homo sapiens hsa05412,0.5509048,0.30797747,0.39817554,0.24592412,0.49534303,0.46410522,1.0066295,0.9928008,1.134905,0.8816519,0.9862566,1.0655965,0.476,0.44122383,0.233,0.68301886,0.549,0.228
Asthma Homo sapiens hsa05310,-0.3312253,0.40837848,0.6132191,-0.52048343,0.4593741,0.40380076,-0.76415485,0.8078363,1.2611853,-1.0676076,0.7562097,0.72813815,0.9318182,0.6947162,0.17437722,0.422,0.90625,0.91622484
Autoimmune thyroid disease Homo sapiens hsa05320,0.2950251,0.37105003,0.47058558,-0.22514422,0.49035454,0.42434606,0.50572157,0.9120949,1.1508464,-0.56463367,0.8805348,0.8618429,0.99393326,0.5724382,0.28794178,0.96066254,0.7965932,0.7758794
Axon guidance Homo sapiens hsa04360,0.54787487,0.29961285,0.2730503,-0.25044173,0.5183572,0.4628589,1.0140908,1.0477005,0.7993231,-0.9829689,1.0529361,1.0907496,0.45,0.36619717,0.924,0.47151276,0.199,0.108
B cell receptor signaling pathway Homo sapiens hsa04662,0.45834097,0.24540551,0.319628,-0.23953003,0.5183689,0.41239417,0.83215827,0.77777535,0.91262263,-0.8483415,1.0265865,0.9445879,0.895,0.7811448,0.6906907,0.6985447,0.379,0.698
Bacterial invasion of epithelial cells Homo sapiens hsa05100,0.5683693,-0.19210236,0.36201367,-0.35203803,0.47573718,0.4313554,1.031159,-0.6402735,1.0378631,-1.2462957,0.94408804,0.9921771,0.415,0.9496021,0.416,0.13157895,0.752,0.509
Basal cell carcinoma Homo sapiens hsa05217,0.44719535,-0.4039743,0.451367,-0.30803502,0.51773703,0.42920542,0.80936694,-1.3151768,1.2724559,-1.0614614,1.0202599,0.9746524,0.897,0.1318408,0.096,0.3340206,0.403,0.576
Basal transcription factors Homo sapiens hsa03022,0.58910036,0.2702997,0.3079989,0.35685703,0.540378,0.44793433,1.0461335,0.7802854,0.83334184,1.1226393,1.0325754,0.9869135,0.383,0.7466216,0.78056115,0.30540037,0.357,0.528
Base excision repair Homo sapiens hsa03410,0.6884556,-0.19541432,0.44429085,-0.26724243,0.5454211,0.44433725,1.2059046,-0.5707617,1.1666123,-0.76386046,1.02696,0.94838536,0.12712713,0.95852536,0.26342452,0.79123175,0.414,0.634
Bile secretion Homo sapiens hsa04976,0.5547951,0.3440259,0.3935135,-0.2470164,0.48987126,0.4377457,0.9953507,1.015091,1.0941924,-0.80558616,0.9571385,0.9808177,0.52,0.4141252,0.33466935,0.7780127,0.671,0.57
Biosynthesis of amino acids Homo sapiens hsa01230,0.5957617,-0.4028953,0.3559105,-0.4706088,0.580002,0.49430877,1.0727497,-1.3180567,1.0018406,-1.5612963,1.136651,1.1150267,0.305,0.11502347,0.514,0.0349345,0.061,0.13
Biosynthesis of unsaturated fatty acids Homo sapiens hsa01040,0.504536,-0.5849498,0.33031183,-0.51578355,0.48187083,0.3959839,0.86405313,-1.442586,0.7876324,-1.2856354,0.85459775,0.7959722,0.7138524,0.0882353,0.766702,0.17427386,0.8138138,0.88597375
Bladder cancer Homo sapiens hsa05219,0.58984876,0.4501767,0.47281492,0.4189315,0.5565816,0.4749609,1.0537096,1.2724947,1.2587852,1.294707,1.0628974,1.0404172,0.385,0.1569966,0.12298387,0.13877551,0.277,0.352
Butanoate metabolism Homo sapiens hsa00650,0.3074748,0.29339263,0.46508843,-0.2221849,0.5799253,0.5165001,0.53986406,0.7648683,1.1797336,-0.61254174,1.068679,1.0788993,0.99196786,0.7432886,0.23377961,0.9372549,0.296,0.291
Calcium signaling pathway Homo sapiens hsa04020,0.495822,0.37747002,0.43878096,0.26596987,0.47372657,0.404525,0.92591363,1.3170383,1.2966872,1.056547,0.9641077,0.9587385,0.787,0.10822511,0.013,0.35018727,0.692,0.708
Carbohydrate digestion and absorption Homo sapiens hsa04973,0.49352777,-0.28055897,0.26101822,-0.25492606,0.3649769,0.3171006,0.86707765,-0.8031292,0.6998213,-0.75253004,0.69599885,0.6919662,0.7667668,0.7175,0.8922457,0.8204593,0.997,0.996
Carbon metabolism Homo sapiens hsa01200,0.56631875,-0.2812624,0.25933114,-0.32026565,0.51108676,0.43983668,1.0426391,-1.0044762,0.7545131,-1.1761546,1.0261023,1.0227919,0.358,0.37950137,0.939,0.19675456,0.354,0.383
Cardiac muscle contraction Homo sapiens hsa04260,0.5351699,0.29452834,0.4961972,-0.27984425,0.6052341,0.52769625,0.9776867,0.9071216,1.415965,-0.9624197,1.1954187,1.2008814,0.566,0.55573773,0.012,0.48496994,0.018,0.026
Cell adhesion molecules (CAMs) Homo sapiens hsa04514,0.47637865,0.25488704,0.3329628,0.23540756,0.5165096,0.4313416,0.8682009,0.8509171,0.9587512,0.86879146,1.0337707,1.0015209,0.866,0.6883117,0.603,0.7137331,0.318,0.475
Cell cycle Homo sapiens hsa04110,0.59351385,0.22738981,0.31926188,0.20696265,0.45603836,0.3814172,1.1029289,0.7981526,0.9405931,0.8000475,0.9195819,0.8906721,0.149,0.8021472,0.641,0.88073397,0.895,0.942
Central carbon metabolism in cancer Homo sapiens hsa05230,0.557254,-0.32381588,0.35338902,-0.3138325,0.5952376,0.50103337,1.0074414,-1.0908507,0.98871994,-1.0928692,1.1790322,1.1481665,0.477,0.28165373,0.532,0.30833334,0.033,0.089
Chagas disease (American trypanosomiasis) Homo sapiens hsa05142,0.64350873,0.27533406,0.23582575,0.3177391,0.44849092,0.32269853,1.172287,0.9097524,0.6779983,1.1563151,0.8963441,0.7458851,0.069,0.58842444,0.957,0.23300971,0.914,1.0
Chemical carcinogenesis Homo sapiens hsa05204,0.6051938,-0.41863573,0.35486472,-0.41118172,0.53289807,0.52034444,1.0805689,-1.275185,0.9586556,-1.245445,1.0133258,1.1389282,0.312,0.14492753,0.58592963,0.16699801,0.437,0.132
Chemokine signaling pathway Homo sapiens hsa04062,0.57381403,-0.31396464,0.37731567,0.26174128,0.49004552,0.38667056,1.0645529,-1.16068,1.1161532,1.0365603,0.9951367,0.9119639,0.262,0.232493,0.212,0.392233,0.516,0.892
Choline metabolism in cancer Homo sapiens hsa05231,0.4818267,0.26122284,0.38101247,0.23389919,0.5066629,0.39844155,0.8781647,0.870654,1.1104616,0.8711649,1.018711,0.93006593,0.852,0.6392694,0.254,0.68992245,0.396,0.798
Cholinergic synapse Homo sapiens hsa04725,0.5011164,0.40192017,0.3734719,0.28460267,0.4713647,0.39206043,0.9212887,1.3381357,1.079038,1.052111,0.94266105,0.9092071,0.747,0.118827164,0.323,0.37236086,0.778,0.858
Chronic myeloid leukemia Homo sapiens hsa05220,0.5831503,0.25593206,0.35796097,-0.22276312,0.4337592,0.33726966,1.0668975,0.83396274,1.0163529,-0.80284506,0.8621624,0.77635187,0.314,0.6893204,0.488,0.8276553,0.964,0.995
Circadian entrainment Homo sapiens hsa04713,0.48300943,0.4185595,0.38601696,0.39116895,0.4896241,0.42274308,0.88452417,1.3688852,1.1048431,1.4129481,0.9724263,0.97321343,0.808,0.08809892,0.279,0.044145875,0.621,0.611
Circadian rhythm Homo sapiens hsa04710,0.61572164,0.4310848,0.38033727,0.357535,0.48833475,0.43842655,1.0760434,1.177248,1.0107522,1.0380205,0.91442865,0.9370985,0.34334335,0.2359155,0.4839034,0.3919192,0.752,0.661
Citrate cycle (TCA cycle) Homo sapiens hsa00020,0.7218185,-0.35907114,0.33565518,-0.27412918,0.5204363,0.43952745,1.2647532,-0.9866549,0.861925,-0.7479071,0.9633346,0.9285641,0.078,0.45255473,0.7253306,0.8253638,0.6082164,0.6716717
Cocaine addiction Homo sapiens hsa05030,0.35149667,0.23586826,0.30018088,-0.3472178,0.53479034,0.473557,0.6318821,0.6829434,0.81827193,-1.1199998,1.0299233,1.047274,0.989,0.88907015,0.8018018,0.24266145,0.36,0.339
Collecting duct acid secretion Homo sapiens hsa04966,0.64956516,0.37830526,0.4861348,0.21415576,0.48811466,0.43588638,1.1363113,1.0014153,1.2495561,0.58604336,0.90120745,0.92127097,0.258,0.42602494,0.1729785,0.9692623,0.771,0.6756757
Colorectal cancer Homo sapiens hsa05210,0.47896048,0.2520138,0.17919438,0.29829085,0.41628194,0.3355266,0.86658806,0.80220574,0.5096134,1.0603408,0.8262708,0.7686354,0.836,0.72920066,0.998999,0.34971645,0.987,0.998
Complement and coagulation cascades Homo sapiens hsa04610,0.5490978,-0.41879758,0.4972685,-0.332725,0.48806557,0.40929136,0.98416007,-1.3037142,1.3595548,-1.0673366,0.9428707,0.9118157,0.542,0.10741688,0.039156627,0.35582823,0.705,0.766
Cysteine and methionine metabolism Homo sapiens hsa00270,0.5564266,0.19637969,0.26910564,0.28551948,0.5290737,0.48053488,0.98538315,0.5852916,0.73118937,0.9006987,1.0188069,1.0648634,0.53,0.9672131,0.8928929,0.61087865,0.409,0.3
Cytokine-cytokine receptor interaction Homo sapiens hsa04060,0.55318844,-0.22866635,0.40566358,-0.21943039,0.53345567,0.45909438,1.0341742,-0.83812577,1.1958275,-0.8808653,1.089881,1.093337,0.351,0.70111734,0.065,0.7358491,0.063,0.081
Cytosolic DNA-sensing pathway Homo sapiens hsa04623,0.6461585,0.27401707,0.4273649,-0.4030732,0.48016804,0.4575187,1.1549227,0.79256856,1.1692866,-1.2794005,0.9224394,1.0096724,0.17217217,0.7043919,0.23423423,0.14379086,0.757,0.437
DNA replication Homo sapiens hsa03030,0.64224404,-0.32657203,0.3154163,-0.2269144,0.53059596,0.4444499,1.1480241,-1.0087886,0.85782933,-0.70217174,1.0166504,0.97632,0.192,0.37413394,0.7357357,0.9006211,0.4,0.562
Dilated cardiomyopathy Homo sapiens hsa05414,0.49581248,0.33832005,0.41700158,0.2557171,0.49232233,0.46780828,0.90659726,1.0898056,1.2006402,0.92257285,0.98223895,1.0782751,0.784,0.29725364,0.134,0.6213592,0.572,0.186
Dopaminergic synapse Homo sapiens hsa04728,0.44019622,0.38716456,0.3071206,0.3399104,0.44580084,0.36925253,0.8099394,1.3364843,0.90076137,1.3071736,0.90141857,0.8671103,0.963,0.103186645,0.748,0.070866145,0.94,0.964
Dorso-ventral axis formation Homo sapiens hsa04320,0.5430142,-0.29934973,0.34315103,0.35218003,0.4769348,0.4005566,0.9474191,-0.87823385,0.87654674,0.9720587,0.8844504,0.84573036,0.6028084,0.63065326,0.67413443,0.496994,0.818,0.8478478
Drug metabolism - cytochrome P450 Homo sapiens hsa00982,0.6989787,-0.34810504,0.3643382,-0.4032527,0.50112665,0.48549297,1.2365055,-0.99327403,0.95023245,-1.1531729,0.9336644,1.0358932,0.099,0.4055944,0.59026366,0.24423076,0.693,0.387
Drug metabolism - other enzymes Homo sapiens hsa00983,0.7842033,0.32787958,0.3234966,0.42855617,0.4712125,0.41189754,1.3629972,0.8135446,0.8044634,1.153231,0.8715023,0.86489314,0.03009027,0.68664384,0.785567,0.26771653,0.829,0.8078078
ECM-receptor interaction Homo sapiens hsa04512,0.5103113,0.1596434,0.17502,-0.17432015,0.45197216,0.40257958,0.9275677,0.5166289,0.49859154,-0.6153259,0.8996993,0.9265958,0.733,0.99509,0.999,0.9771784,0.901,0.778
Endocrine and other factor-regulated calcium reabsorption Homo sapiens hsa04961,0.50730175,0.32857051,0.48944172,-0.24872304,0.617054,0.53809446,0.90355176,0.89074075,1.3086092,-0.7291147,1.1747911,1.1718774,0.687,0.5559322,0.109311745,0.8382353,0.062,0.1
Endocytosis Homo sapiens hsa04144,0.5420543,0.30779862,0.3302652,-0.22840708,0.49363,0.4358937,1.0141162,1.1758335,0.99708736,-0.9820503,1.0195245,1.0518255,0.431,0.18075801,0.507,0.4731405,0.355,0.168
Endometrial cancer Homo sapiens hsa05213,0.5444092,0.22589105,0.38112786,0.28342456,0.4835279,0.3998664,0.9827274,0.71317554,1.0711691,0.9711241,0.95129454,0.9098334,0.552,0.87479675,0.36136135,0.51724136,0.694,0.803
Epithelial cell signaling in Helicobacter pylori infection Homo sapiens hsa05120,0.5698927,-0.31561226,0.33618015,-0.26265675,0.466626,0.3905297,1.0294707,-1.0464115,0.95626384,-0.92391425,0.9209177,0.89156634,0.413,0.31190476,0.59,0.54752064,0.813,0.866
Epstein-Barr virus infection Homo sapiens hsa05169,0.56214815,0.29319176,0.28323656,0.2926837,0.49114642,0.41485012,1.0437319,1.058537,0.851834,1.2199386,1.0067596,0.9904984,0.288,0.32844576,0.88,0.11003861,0.433,0.56
ErbB signaling pathway Homo sapiens hsa04012,0.5000837,0.19425145,0.31413183,0.2475263,0.47189227,0.39949977,0.9136507,0.6475901,0.90418625,0.91210854,0.94392806,0.9271528,0.764,0.9579968,0.711,0.61657035,0.781,0.801
Estrogen signaling pathway Homo sapiens hsa04915,0.52412456,0.35446545,0.40900603,0.20874603,0.45770362,0.37579304,0.96029663,1.1752095,1.1814728,0.77255523,0.91634136,0.8725831,0.634,0.21028037,0.133,0.8640777,0.864,0.941
Ether lipid metabolism Homo sapiens hsa00565,0.3983159,-0.23822924,0.38107046,-0.33209947,0.5573088,0.44973588,0.70387733,-0.67257905,0.9967398,-0.9845597,1.0526873,0.968975,0.944,0.8491484,0.51214576,0.4569672,0.319,0.574
Fanconi anemia pathway Homo sapiens hsa03460,0.5069551,0.25496447,0.37977904,0.2799574,0.5130295,0.4376636,0.9186901,0.75002897,1.050402,0.9171277,0.9974516,0.9790257,0.693,0.812601,0.42742744,0.5894539,0.507,0.576
Fat digestion and absorption Homo sapiens hsa04975,0.7959008,0.3956093,0.5303659,0.44899204,0.5708011,0.48478487,1.4016409,1.021054,1.3527082,1.2136012,1.051122,1.0109851,0.015090543,0.43140495,0.068297654,0.20947176,0.339,0.456
Fatty acid degradation Homo sapiens hsa00071,0.6535668,-0.23373854,0.30679038,0.21566997,0.54096496,0.47042277,1.1656039,-0.695473,0.8290088,0.68400764,1.0334973,1.0409648,0.158,0.86538464,0.76884425,0.9025845,0.37,0.377
Fatty acid elongation Homo sapiens hsa00062,0.6838148,-0.45802698,0.34341463,-0.3948839,0.45874456,0.35661116,1.1906145,-1.1931485,0.8420298,-1.0102497,0.83864194,0.73826736,0.19090909,0.2413793,0.7033543,0.45360824,0.8635908,0.9487952
Fatty acid metabolism Homo sapiens hsa01212,0.58607787,-0.3781329,0.39615768,-0.22735327,0.5466511,0.48599267,1.0514512,-1.1723167,1.0887473,-0.73078614,1.0554539,1.0811831,0.37,0.19804402,0.35635635,0.8712274,0.274,0.247
Fc epsilon RI signaling pathway Homo sapiens hsa04664,0.459742,-0.22575957,0.29600233,0.25254592,0.40963036,0.3379655,0.82379895,-0.7268786,0.834667,0.84910446,0.8070468,0.7665634,0.885,0.88832486,0.7955912,0.7323136,0.982,0.991
Fc gamma R-mediated phagocytosis Homo sapiens hsa04666,0.5362052,0.29124472,0.3053432,0.29721856,0.54618376,0.44961423,0.96826327,0.9297558,0.8717987,1.0469785,1.0894195,1.0371526,0.605,0.5590551,0.762,0.378,0.142,0.336
Focal adhesion Homo sapiens hsa04510,0.44792455,0.16525598,0.29794803,-0.16204782,0.47724855,0.4133094,0.8345378,0.6195627,0.8962731,-0.6696703,0.9806971,0.9908347,0.981,0.99558824,0.816,0.9955654,0.649,0.558
FoxO signaling pathway Homo sapiens hsa04068,0.56564075,0.30613783,0.37358695,-0.24418645,0.4388997,0.39431688,1.0395905,1.0799229,1.1005763,-0.9692287,0.8884021,0.9282684,0.36,0.31329113,0.257,0.494,0.964,0.83
Fructose and mannose metabolism Homo sapiens hsa00051,0.61075056,-0.45456538,0.28829736,-0.42018175,0.5318468,0.4617342,1.0681614,-1.2934797,0.7513825,-1.22019,0.9967166,0.98758096,0.3773774,0.16705883,0.8377016,0.20905173,0.495,0.522
GABAergic synapse Homo sapiens hsa04727,0.51728755,0.39046386,0.38404506,0.3205688,0.50378263,0.40796414,0.94491816,1.2572924,1.0999278,1.1524843,1.0000218,0.937966,0.671,0.16971713,0.29,0.22988506,0.504,0.745
Galactose metabolism Homo sapiens hsa00052,0.72096807,-0.31297907,0.29845533,0.3215369,0.42617905,0.36034715,1.2711115,-0.88181746,0.7720983,0.9035809,0.79473615,0.7652113,0.081162326,0.57719713,0.8123108,0.5871212,0.948,0.957
Gap junction Homo sapiens hsa04540,0.55453646,0.34073353,0.50030315,0.20582244,0.49464986,0.42843547,1.0085084,1.0899365,1.423462,0.7312579,0.983877,0.98299336,0.471,0.2944,0.008,0.90421456,0.574,0.563
Gastric acid secretion Homo sapiens hsa04971,0.5534502,0.4116781,0.48836774,0.23214172,0.52296156,0.46482232,0.99633116,1.2279468,1.3696905,0.7604537,1.0186195,1.0392464,0.529,0.19873817,0.04004004,0.82978725,0.399,0.346
Glioma Homo sapiens hsa05214,0.51789594,0.28767145,0.41898945,0.23438995,0.4734563,0.35354012,0.94029206,0.8947667,1.1817635,0.81211203,0.9363461,0.8080148,0.676,0.6142626,0.17617618,0.79924244,0.749,0.979
Glucagon signaling pathway Homo sapiens hsa04922,0.5118118,-0.22549026,0.3444417,-0.27658242,0.4991161,0.45684457,0.93580294,-0.7839518,0.9831581,-1.0126786,0.9976833,1.0625466,0.71,0.7547684,0.548,0.42054263,0.505,0.228
Glutamatergic synapse Homo sapiens hsa04724,0.5349331,0.4264935,0.3843312,0.28995278,0.47944167,0.40393773,0.9800034,1.4318511,1.1115044,1.0818847,0.95879036,0.94134307,0.569,0.083333336,0.244,0.32755297,0.702,0.744
Glutathione metabolism Homo sapiens hsa00480,0.64733297,-0.21418303,0.294846,-0.23974386,0.50729936,0.47836736,1.1581607,-0.6943629,0.8217426,-0.77541023,0.98504895,1.0722879,0.14,0.90379745,0.79458916,0.8088803,0.55,0.242
Glycerolipid metabolism Homo sapiens hsa00561,0.69697356,0.43268445,0.33635512,0.35633835,0.4084244,0.36051747,1.261307,1.2736137,0.92026293,1.1461909,0.79251826,0.8050221,0.055,0.1524288,0.6406406,0.23728813,0.987,0.963
Glycerophospholipid metabolism Homo sapiens hsa00564,0.5381296,-0.21713513,0.3114574,-0.31306383,0.47696847,0.42264006,0.99221116,-0.7409365,0.8951253,-1.1660285,0.95594007,0.9815899,0.536,0.81360203,0.731,0.18972331,0.726,0.555
"Glycine, serine and threonine metabolism Homo sapiens hsa00260",0.6625351,0.42488393,0.36145648,0.36974788,0.5872763,0.533152,1.1762146,1.1964879,0.9515084,1.0794947,1.1111151,1.1509887,0.16516517,0.22036728,0.57459676,0.3550186,0.178,0.149
Glycolysis / Gluconeogenesis Homo sapiens hsa00010,0.6526568,-0.36148408,0.2831922,-0.38530874,0.5199368,0.46316344,1.1756502,-1.1716369,0.7857484,-1.3101943,1.019616,1.048829,0.118,0.20308483,0.856,0.104743086,0.408,0.321
Glycosaminoglycan biosynthesis - chondroitin sulfate / dermatan sulfate Homo sapiens hsa00532,0.4597537,0.191579,0.2681649,-0.25556147,0.47372538,0.46567214,0.79500324,0.4742529,0.6593313,-0.6787985,0.8665751,0.9631226,0.84321606,0.98724955,0.9078675,0.87903225,0.81287724,0.5847543
Glycosaminoglycan biosynthesis - heparan sulfate / heparin Homo sapiens hsa00534,0.48956406,-0.51156515,0.3852706,-0.30244708,0.48390576,0.43223825,0.84808713,-1.3694861,0.96622294,-0.7994342,0.8870502,0.8954388,0.755287,0.12610619,0.5606996,0.7258065,0.78,0.738
Glycosaminoglycan degradation Homo sapiens hsa00531,0.64239055,-0.39603233,0.3441067,-0.38097844,0.59173894,0.5443631,1.1025913,-0.9422616,0.8274654,-0.9504523,1.0530758,1.0896032,0.3286432,0.50980395,0.72832984,0.5281553,0.35613683,0.2764884
Glycosphingolipid biosynthesis - lacto and neolacto series Homo sapiens hsa00601,0.7080944,0.36172658,0.56453073,-0.2718503,0.43762073,0.39165562,1.2274466,0.8824768,1.3934128,-0.7194625,0.7946207,0.8029147,0.14859438,0.60068846,0.05192108,0.84928715,0.9379379,0.8898899
Glycosylphosphatidylinositol(GPI)-anchor biosynthesis Homo sapiens hsa00563,0.42445293,-0.42737842,0.35847798,-0.40761137,0.5370936,0.48398307,0.752059,-1.2573608,0.94395673,-1.1975458,1.0038252,1.03318,0.9009009,0.15035799,0.59734964,0.22586873,0.478,0.397
Glyoxylate and dicarboxylate metabolism Homo sapiens hsa00630,0.69554204,0.20969692,0.17687793,0.29655385,0.60312384,0.5148873,1.2319155,0.56401813,0.46821335,0.82144433,1.1210542,1.0919732,0.10521042,0.95952785,0.9928789,0.7265469,0.162,0.246
GnRH signaling pathway Homo sapiens hsa04912,0.43640056,0.27893984,0.39419222,-0.22544883,0.46717462,0.38451716,0.78805095,0.8926381,1.1260111,-0.7939581,0.92957175,0.88704294,0.937,0.6115445,0.25125125,0.8149688,0.799,0.886
Graft-versus-host disease Homo sapiens hsa05332,0.40154433,0.45636246,0.5444476,0.3510122,0.5299511,0.5269457,0.65450746,0.985509,1.2001423,0.7496421,0.90563524,0.99992794,0.9279661,0.47858474,0.2383592,0.79358715,0.69727546,0.47405902
HIF-1 signaling pathway Homo sapiens hsa04066,0.527923,-0.22096257,0.19319338,-0.29692274,0.5311262,0.4300659,0.964614,-0.7684705,0.5586914,-1.108165,1.0659177,0.9999912,0.636,0.81578946,0.995,0.24744377,0.2,0.48
HTLV-I infection Homo sapiens hsa05166,0.53489596,-0.22934158,0.39831725,-0.20832968,0.47301394,0.390794,0.9997697,-0.91299,1.204849,-0.8931647,0.9775023,0.94382244,0.513,0.58,0.034,0.71428573,0.676,0.849
Hedgehog signaling pathway Homo sapiens hsa04340,0.5245668,-0.24645776,0.5408968,-0.28741232,0.53073186,0.4451531,0.94251657,-0.7603305,1.4861649,-0.9035063,1.0305713,0.98971015,0.654,0.7911548,0.013039118,0.5831579,0.358,0.515
Hematopoietic cell lineage Homo sapiens hsa04640,0.59501636,-0.22759494,0.36182246,-0.3236515,0.4550518,0.4222713,1.0756264,-0.723567,1.0002645,-1.078862,0.88610035,0.94753015,0.3193193,0.85714287,0.5150301,0.29821074,0.871,0.675
Hepatitis B Homo sapiens hsa05161,0.5351874,0.3027967,0.30243123,-0.25300902,0.44698384,0.38292626,0.98914206,1.0626626,0.8942226,-1.0073076,0.90653074,0.90195966,0.549,0.3146965,0.772,0.39544514,0.93,0.918
Hepatitis C Homo sapiens hsa05160,0.54704726,0.2154648,0.33534098,0.28196564,0.53969026,0.43186557,1.0027903,0.74628264,0.9733368,1.0785097,1.0861716,1.006275,0.509,0.8488024,0.57,0.31906614,0.109,0.456
Herpes simplex infection Homo sapiens hsa05168,0.5232732,0.38875702,0.26945984,0.3571288,0.4913096,0.39984983,0.9673394,1.3755275,0.7929823,1.4141152,0.9993229,0.944281,0.63,0.09063893,0.938,0.02414487,0.482,0.775
Hippo signaling pathway Homo sapiens hsa04390,0.57841414,-0.3106409,0.31943765,0.26897383,0.45453522,0.3711372,1.074428,-1.1642518,0.955515,1.0972081,0.93006027,0.88418,0.211,0.21529745,0.643,0.27799228,0.904,0.964
Histidine metabolism Homo sapiens hsa00340,0.42556497,-0.5075458,0.37489933,-0.27471924,0.37332538,0.34311047,0.7192873,-1.231182,0.8607467,-0.63460314,0.65035826,0.6741997,0.8974359,0.18888889,0.6821121,0.89880955,0.99293643,0.97363085
Homologous recombination Homo sapiens hsa03440,0.53974295,0.26577392,0.5101452,-0.2709369,0.5434956,0.4687468,0.9649078,0.6999807,1.3369013,-0.7737615,1.0186795,1.0010778,0.5615616,0.8495575,0.09035533,0.7920998,0.432,0.472
Huntington's disease Homo sapiens hsa05016,0.47453222,0.24871467,0.31533352,-0.25146082,0.47998896,0.4121384,0.88678753,0.88266516,0.9374918,-1.0074811,0.9793996,0.9801188,0.901,0.646434,0.689,0.4020408,0.647,0.611
Hypertrophic cardiomyopathy (HCM) Homo sapiens hsa05410,0.50699055,0.23695068,0.3784639,0.17877543,0.48475128,0.4680246,0.924286,0.76536745,1.0854115,0.6421317,0.96352047,1.075475,0.734,0.79126215,0.316,0.97244096,0.681,0.201
Inflammatory bowel disease (IBD) Homo sapiens hsa05321,0.5300977,-0.33827654,0.43525746,-0.40791762,0.5950885,0.54247546,0.95195556,-1.042329,1.1960257,-1.2980375,1.1524096,1.2034878,0.626,0.36792454,0.18693468,0.14226805,0.069,0.056
Inflammatory mediator regulation of TRP channels Homo sapiens hsa04750,0.5779438,0.27598673,0.40138352,-0.24412686,0.4535352,0.35701415,1.0462737,0.8904825,1.1492622,-0.87079793,0.9055796,0.8252184,0.359,0.5947205,0.209,0.672956,0.879,0.98
Influenza A Homo sapiens hsa05164,0.5520933,0.29756084,0.32466882,-0.2658033,0.49697837,0.40950793,1.0124683,1.026694,0.95034176,-1.0323739,1.0080947,0.96271896,0.465,0.36825886,0.642,0.35220125,0.432,0.667
Inositol phosphate metabolism Homo sapiens hsa00562,0.4153454,-0.23967774,0.29336363,0.21929565,0.45779738,0.3810168,0.7557827,-0.79117346,0.8292073,0.7533824,0.9040336,0.8692913,0.955,0.75342464,0.8118118,0.8613281,0.867,0.903
Insulin resistance Homo sapiens hsa04931,0.53142446,-0.2502053,0.23592043,-0.27648303,0.48903048,0.4341012,0.9686932,-0.87589055,0.6829684,-1.034764,0.98394454,1.0150684,0.632,0.59279776,0.983,0.39501038,0.59,0.411
Insulin secretion Homo sapiens hsa04911,0.555245,0.4026984,0.38324505,0.20919923,0.47501427,0.419028,1.0112305,1.2558714,1.086695,0.7409507,0.9382478,0.9563813,0.471,0.16718267,0.327,0.9115385,0.776,0.652
Insulin signaling pathway Homo sapiens hsa04910,0.5359015,-0.2311639,0.3349696,-0.27589628,0.43447712,0.3812621,0.98606646,-0.8551047,0.9876049,-1.0806346,0.8822623,0.9010976,0.575,0.65675676,0.546,0.28194726,0.972,0.917
Intestinal immune network for IgA production Homo sapiens hsa04672,0.67229164,0.33810553,0.37784746,0.31177,0.5664739,0.51741236,1.1840396,0.92129,0.99755496,0.8818503,1.0590065,1.1061318,0.1513026,0.5467372,0.51127046,0.610338,0.306,0.225
Jak-STAT signaling pathway Homo sapiens hsa04630,0.5211683,0.25903872,0.40547535,-0.17234093,0.44192594,0.37574387,0.96040726,0.89139575,1.1979144,-0.65574104,0.89765906,0.8876472,0.643,0.6380091,0.094,0.98350513,0.953,0.929
Legionellosis Homo sapiens hsa05134,0.56426364,-0.32595366,0.58662224,-0.2543263,0.45292404,0.36422327,1.017682,-1.0328633,1.5823437,-0.81430256,0.87575346,0.8104343,0.465,0.35238096,0.0,0.7433265,0.88,0.948
Leishmaniasis Homo sapiens hsa05140,0.5166218,0.30983317,0.38872442,-0.254532,0.48279327,0.39870548,0.93786365,0.9404176,1.0936921,-0.8544349,0.9451885,0.89311355,0.672,0.4950166,0.32497492,0.70893973,0.717,0.832
Leukocyte transendothelial migration Homo sapiens hsa04670,0.4302266,0.24421853,0.27878758,0.22179253,0.5004811,0.4120495,0.7868925,0.8048804,0.814413,0.8315493,1.0056902,0.95734555,0.966,0.7601881,0.857,0.8051948,0.455,0.681
Linoleic acid metabolism Homo sapiens hsa00591,0.37410063,-0.33067963,0.44495562,-0.37382156,0.5565578,0.4615422,0.6371395,-0.79673845,1.0444485,-0.92228323,0.9869153,0.91831464,0.9398573,0.6967033,0.4439701,0.5516529,0.52816904,0.65656567
Long-term depression Homo sapiens hsa04730,0.58196074,0.25255263,0.3412988,0.32415545,0.40920147,0.35588026,1.0525205,0.7756457,0.95015466,1.0721039,0.79886377,0.8026157,0.377,0.76986754,0.5965966,0.346,0.986,0.975
Long-term potentiation Homo sapiens hsa04720,0.60218674,0.30881798,0.39283845,0.31382364,0.46832374,0.39748132,1.0877978,0.93702,1.099812,1.0502069,0.91499054,0.89980125,0.287,0.528754,0.3023023,0.38356164,0.837,0.82
Longevity regulating pathway - mammal Homo sapiens hsa04211,0.5640132,-0.25969,0.29244685,-0.3707804,0.48583817,0.43591616,1.0319304,-0.8822138,0.8470843,-1.3686227,0.9704891,1.0136389,0.4,0.53405994,0.83,0.06832298,0.639,0.423
Longevity regulating pathway - multiple species Homo sapiens hsa04213,0.5807302,0.30784628,0.3438003,-0.32113355,0.48537788,0.42538637,1.0500519,0.9612048,0.97445565,-1.108969,0.94985193,0.9641463,0.361,0.49665552,0.5735736,0.29400387,0.694,0.621
Lysine degradation Homo sapiens hsa00310,0.5235619,0.35006344,0.26666695,0.3834182,0.57303226,0.5109693,0.9323921,0.9817534,0.7209737,1.1720012,1.0944362,1.1174111,0.648,0.44880545,0.8710977,0.22796935,0.202,0.17417417
Lysosome Homo sapiens hsa04142,0.59829086,-0.26338246,0.2845282,-0.36376977,0.5166207,0.4519936,1.1007893,-0.9244251,0.8332365,-1.4107912,1.0405644,1.0561692,0.151,0.47592068,0.861,0.038910504,0.256,0.218
MAPK signaling pathway Homo sapiens hsa04010,0.48696718,0.31450728,0.3686702,0.2769543,0.48149216,0.40368265,0.9143948,1.1837821,1.1130958,1.1902387,0.9947733,0.9753552,0.882,0.18541034,0.135,0.13099632,0.552,0.653
Malaria Homo sapiens hsa05144,0.6285203,0.2817428,0.5363762,-0.30085346,0.5498898,0.4982894,1.1131986,0.75582695,1.3968052,-0.87552184,1.0421597,1.0657811,0.2775551,0.7939609,0.046605878,0.62033194,0.349,0.307
Maturity onset diabetes of the young Homo sapiens hsa04950,0.7766882,-0.77432543,0.606821,-0.2994674,0.51011604,0.40132725,1.3376858,-1.9875236,1.46814,-0.77178156,0.92702466,0.82621795,0.054271355,0.015873017,0.020661157,0.772,0.7014028,0.8551308
Measles Homo sapiens hsa05162,0.5783759,0.25704253,0.27469414,-0.28640157,0.45511612,0.3835622,1.0609423,0.863533,0.79686046,-1.0537727,0.91342187,0.8901593,0.315,0.64440995,0.886,0.33802816,0.897,0.925
Melanogenesis Homo sapiens hsa04916,0.5428714,0.24522111,0.4297553,0.23690784,0.51023513,0.4542335,0.9973012,0.81605196,1.2421831,0.88723797,1.0251813,1.0589863,0.506,0.7284345,0.06212425,0.6780303,0.377,0.239
Melanoma Homo sapiens hsa05218,0.518715,0.35959125,0.45241562,0.25269267,0.4596135,0.37691218,0.94485587,1.1341336,1.2975813,0.8892351,0.9148718,0.868447,0.682,0.2587646,0.054,0.63273454,0.858,0.902
Metabolism of xenobiotics by cytochrome P450 Homo sapiens hsa00980,0.6285732,-0.38851765,0.36019474,-0.42411765,0.5145937,0.49806494,1.111305,-1.1700021,0.96337646,-1.2638451,0.9695793,1.0820161,0.25425425,0.23167849,0.57042253,0.15947467,0.599,0.266
MicroRNAs in cancer Homo sapiens hsa05206,0.49700835,0.19528122,0.2885404,0.24928474,0.49620223,0.42456225,0.9252559,0.69148767,0.8582912,1.0084594,1.0147539,1.0098178,0.81,0.94356006,0.849,0.4189189,0.411,0.454
Mineral absorption Homo sapiens hsa04978,0.47859934,0.303754,0.29150134,-0.24453877,0.45683867,0.42811608,0.85421014,0.82735026,0.7932525,-0.7195061,0.86761254,0.9289287,0.776,0.68085104,0.795569,0.85200846,0.865,0.695
Mismatch repair Homo sapiens hsa03430,0.60389173,0.30503544,0.36364758,0.36184087,0.5833312,0.4831756,1.0617373,0.79676473,0.92391527,1.0005649,1.08103,1.0250509,0.3767535,0.69982547,0.60985625,0.45833334,0.266,0.4174174
Morphine addiction Homo sapiens hsa05032,0.45878062,-0.43536487,0.35491645,0.35723403,0.52171355,0.453932,0.8369931,-1.4591942,1.013693,1.2807333,1.0398686,1.045319,0.897,0.113456465,0.471,0.11133603,0.307,0.294
Mucin type O-Glycan biosynthesis Homo sapiens hsa00512,0.4373823,0.33937398,0.24535221,-0.37749287,0.62045455,0.5320932,0.7611463,0.8518476,0.6142345,-1.0033484,1.1349621,1.0993503,0.86130655,0.6220615,0.9172699,0.43913043,0.166,0.269
N-Glycan biosynthesis Homo sapiens hsa00510,0.56938237,0.35058382,0.39529538,0.16547357,0.5541296,0.49316737,1.0279592,1.0710853,1.0951685,0.5374056,1.0747316,1.1019006,0.442,0.34608695,0.34202608,0.99416345,0.217,0.167
NF-kappa B signaling pathway Homo sapiens hsa04064,0.5178353,-0.21824302,0.25858563,0.25701487,0.5421343,0.45579103,0.9460362,-0.7636242,0.74103075,0.93676144,1.0785134,1.0479925,0.676,0.8325,0.927,0.5919118,0.154,0.305
NOD-like receptor signaling pathway Homo sapiens hsa04621,0.48713213,0.3413369,0.40436706,-0.2702776,0.5394615,0.41967806,0.8722859,1.0009948,1.1085547,-0.85949117,1.0406892,0.9256229,0.779,0.42556918,0.30360723,0.6584867,0.331,0.718
Natural killer cell mediated cytotoxicity Homo sapiens hsa04650,0.49710822,0.24433106,0.2612846,0.27185127,0.39257085,0.30366078,0.89952815,0.77986175,0.7368628,0.9461721,0.7779255,0.6952554,0.779,0.7869919,0.924,0.54770994,0.996,1.0
Neuroactive ligand-receptor interaction Homo sapiens hsa04080,0.48130703,0.38069636,0.49298126,0.25476566,0.4671759,0.4254704,0.89567727,1.3717881,1.462432,1.0370873,0.95048875,1.0115854,0.885,0.08271787,0.0,0.38142294,0.807,0.425
Neurotrophin signaling pathway Homo sapiens hsa04722,0.51599956,-0.18102908,0.26666757,0.22829255,0.50044525,0.42214406,0.94937575,-0.64627844,0.7882459,0.896497,1.0123539,0.99434865,0.681,0.9774648,0.927,0.68244576,0.413,0.523
Nicotinate and nicotinamide metabolism Homo sapiens hsa00760,0.3640094,0.2794971,0.3660022,0.23817481,0.5491472,0.4692775,0.63732237,0.7157058,0.9309829,0.65428597,1.0109162,0.98356736,0.95987964,0.8342441,0.60410255,0.9140461,0.45945945,0.5300601
Nicotine addiction Homo sapiens hsa05033,0.41807467,0.31032246,0.45534727,0.23452851,0.5036662,0.43667597,0.7467136,0.89342993,1.2294419,0.73301923,0.95365036,0.95035064,0.928,0.5538194,0.14889336,0.861167,0.663,0.657
Nitrogen metabolism Homo sapiens hsa00910,0.50051373,0.41267782,0.48485434,0.22235247,0.39921048,0.33300412,0.85858005,0.99389356,1.1807255,0.5564217,0.7217597,0.6781907,0.72036475,0.45898777,0.2637131,0.960334,0.98296595,0.98790324
Non-alcoholic fatty liver disease (NAFLD) Homo sapiens hsa04932,0.48819488,0.18032214,0.20834479,-0.29131588,0.46810776,0.39175847,0.90569216,0.6445595,0.6134944,-1.1523905,0.95457596,0.93036145,0.832,0.9844961,0.998,0.17829457,0.782,0.852
Non-small cell lung cancer Homo sapiens hsa05223,0.603017,0.31248873,0.39101687,0.29523426,0.48023623,0.3740856,1.0868039,0.97370505,1.0897532,0.9941942,0.946436,0.85132,0.283,0.45945945,0.33233234,0.45961538,0.717,0.927
Notch signaling pathway Homo sapiens hsa04330,0.6197054,-0.30199987,0.40701535,0.40569732,0.53787136,0.4603891,1.1176536,-0.9490002,1.1294017,1.326601,1.0487727,1.0323263,0.244,0.4626506,0.27281845,0.091451295,0.314,0.366
Nucleotide excision repair Homo sapiens hsa03420,0.6061314,-0.2794517,0.351988,0.25918967,0.5141894,0.42450687,1.0854235,-0.86887825,0.9707986,0.8450812,0.9952434,0.9429605,0.28,0.6053269,0.5511022,0.6933594,0.482,0.693
Olfactory transduction Homo sapiens hsa04740,0.439594,0.46449748,0.51840293,-0.14481103,0.56165016,0.5151797,0.79506576,1.312675,1.4240558,-0.4722962,1.0951842,1.1478506,0.901,0.14119601,0.019019019,1.0,0.16,0.111
One carbon pool by folate Homo sapiens hsa00670,0.65152204,0.3011459,0.6540295,0.38184875,0.67640615,0.6129678,1.1094582,0.71512836,1.5602535,0.94684404,1.2021997,1.227276,0.32385787,0.8193202,0.011752137,0.5245283,0.095,0.09519038
Oocyte meiosis Homo sapiens hsa04114,0.58921945,0.22400936,0.3040417,0.24177206,0.47754464,0.39064696,1.0800042,0.7464693,0.88681823,0.9064246,0.9605895,0.9089758,0.223,0.86137074,0.766,0.64271843,0.718,0.865
Osteoclast differentiation Homo sapiens hsa04380,0.48395544,-0.24780737,0.26606238,-0.24977522,0.46385828,0.37677458,0.890307,-0.88009626,0.7763509,-0.94502795,0.9377129,0.8833992,0.84,0.58221024,0.913,0.54229933,0.796,0.936
Other glycan degradation Homo sapiens hsa00511,0.7788213,-0.4251193,0.7279455,-0.29873937,0.4953808,0.36344388,1.2949535,-0.99497867,1.669625,-0.68330616,0.8594613,0.7036918,0.09119171,0.45657015,0.0032537961,0.85040987,0.79878664,0.95947313
Other types of O-glycan biosynthesis Homo sapiens hsa00514,0.70717114,-0.35707542,0.3460987,-0.3482675,0.47293088,0.40166187,1.2429376,-1.0218686,0.89637274,-1.0171794,0.88921654,0.8565154,0.095,0.4086758,0.67204845,0.44444445,0.814,0.8398398
Ovarian steroidogenesis Homo sapiens hsa04913,0.4688247,0.4469587,0.4615017,0.23968957,0.55339795,0.47989568,0.837645,1.2749295,1.2692163,0.75456876,1.0635192,1.0553503,0.838,0.17962003,0.12537614,0.84007704,0.276,0.308
Oxidative phosphorylation Homo sapiens hsa00190,0.546477,0.26884815,0.40446782,-0.25361064,0.49456006,0.44028103,1.0079244,0.8814192,1.169557,-0.93364924,0.9926039,1.0274315,0.49,0.63054186,0.136,0.5694716,0.542,0.36
Oxytocin signaling pathway Homo sapiens hsa04921,0.46831277,0.20459351,0.3394435,-0.18628317,0.49416333,0.43845025,0.8657648,0.7259326,1.0040871,-0.7429975,1.008331,1.0403899,0.917,0.91297936,0.494,0.9618644,0.438,0.285
PI3K-Akt signaling pathway Homo sapiens hsa04151,0.52467287,0.26441422,0.35257798,-0.23147626,0.46126306,0.391615,0.98679745,1.0288547,1.0784053,-1.0170125,0.9583362,0.95303303,0.579,0.38208956,0.23,0.41237113,0.836,0.822
PPAR signaling pathway Homo sapiens hsa03320,0.5675489,-0.18219808,0.51375264,0.19981231,0.46786574,0.41152397,1.0174475,-0.55959785,1.4163407,0.6421506,0.9065227,0.9198317,0.454,0.97164947,0.017034069,0.9610137,0.826,0.758
Pancreatic cancer Homo sapiens hsa05212,0.5032809,-0.21422677,0.30021313,-0.23259144,0.50194037,0.38741887,0.9133078,-0.7323076,0.8445458,-0.82500786,0.9955351,0.88680416,0.751,0.8590425,0.815,0.7564655,0.52,0.885
Pancreatic secretion Homo sapiens hsa04972,0.4977574,0.47931397,0.4408195,0.3571383,0.46585077,0.39854205,0.90873057,1.4990413,1.2600958,1.2413441,0.9190735,0.9070136,0.735,0.06807131,0.083,0.15250966,0.822,0.827
Pantothenate and CoA biosynthesis Homo sapiens hsa00770,0.5367666,0.3077546,0.3510547,-0.36935467,0.4905642,0.43737772,0.9072223,0.71213716,0.82052886,-0.90859735,0.86544627,0.8768242,0.64453524,0.8257042,0.7285408,0.5782178,0.7821285,0.73413897
Parkinson's disease Homo sapiens hsa05012,0.53806925,0.4776994,0.34194726,0.207705,0.5065375,0.4478702,0.9931624,1.5835348,0.9846742,0.7855903,1.0190468,1.046642,0.531,0.038819876,0.54,0.86720324,0.382,0.275
Pathogenic Escherichia coli infection Homo sapiens hsa05130,0.59216213,0.19646153,0.32727185,-0.21161361,0.49218526,0.44724047,1.0688967,0.60933065,0.90958595,-0.6969792,0.96232724,1.00221,0.314,0.9676898,0.685,0.9420601,0.641,0.476
Pathways in cancer Homo sapiens hsa05200,0.4634731,0.3043773,0.364691,0.24361673,0.46910015,0.39384872,0.8755213,1.2028183,1.1188248,1.1121966,0.97875065,0.9615373,0.972,0.12536873,0.08,0.18406072,0.703,0.792
Pentose and glucuronate interconversions Homo sapiens hsa00040,0.5597524,-0.2855302,0.33942872,0.34200096,0.5219887,0.4575472,0.9621607,-0.7311202,0.827743,0.87327987,0.9402093,0.92792183,0.5568983,0.7987013,0.7275574,0.65648854,0.63490474,0.6491935
Pentose phosphate pathway Homo sapiens hsa00030,0.638152,-0.31933436,0.45973784,-0.30628955,0.44411844,0.36298317,1.1229137,-0.94208443,1.1961331,-0.88406354,0.8415194,0.780405,0.258,0.48076922,0.21233569,0.6309013,0.911,0.954
Peroxisome Homo sapiens hsa04146,0.56827265,0.35890555,0.29930964,-0.38640875,0.56173956,0.4889627,1.0431747,1.1733525,0.85836935,-1.3750609,1.1192937,1.1339278,0.359,0.19728915,0.79,0.09037328,0.071,0.073
Pertussis Homo sapiens hsa05133,0.53077376,-0.32294053,0.27956042,-0.26763245,0.4710366,0.39585468,0.95800126,-1.0364232,0.7773875,-0.88122326,0.91904175,0.8866458,0.616,0.33333334,0.848,0.6295546,0.791,0.831
Phagosome Homo sapiens hsa04145,0.4611027,0.22607964,0.31991675,-0.23225515,0.45605037,0.40205687,0.85131425,0.7900803,0.9289123,-0.87613225,0.92026305,0.9410962,0.915,0.8118971,0.688,0.71153843,0.888,0.768
Phenylalanine metabolism Homo sapiens hsa00360,-0.419199,-0.35829777,0.51322836,-0.4624847,0.5645362,0.50615937,-0.95263267,-0.707875,0.9825406,-0.88528687,0.9005279,0.8835475,0.5280899,0.82563025,0.521197,0.62151396,0.6801706,0.6855895
Phosphatidylinositol signaling system Homo sapiens hsa04070,0.43681356,0.2615038,0.3389911,0.23511028,0.4131732,0.36870927,0.8005216,0.8567947,0.9781467,0.8670514,0.82742274,0.856344,0.953,0.6666667,0.559,0.71960783,0.991,0.948
Phospholipase D signaling pathway Homo sapiens hsa04072,0.6117444,0.29287547,0.41122422,0.29807255,0.45424756,0.3734604,1.1365771,1.0202782,1.2100829,1.1825842,0.9267764,0.8876725,0.087,0.39657855,0.058,0.16195858,0.898,0.951
Phototransduction Homo sapiens hsa04744,0.66388977,0.47954634,0.61826986,0.5111368,0.6425465,0.6052453,1.1481546,1.1650401,1.494653,1.2936447,1.1548244,1.2334359,0.27171716,0.25396827,0.033578172,0.15992293,0.1356784,0.08660624
Platelet activation Homo sapiens hsa04611,0.474292,0.26938236,0.29834163,0.2727459,0.45113975,0.36528423,0.87374485,0.90496945,0.8749375,1.0333697,0.9120727,0.85570353,0.872,0.59069765,0.794,0.40892193,0.907,0.969
Porphyrin and chlorophyll metabolism Homo sapiens hsa00860,0.48481017,0.20457576,0.2707291,0.22288594,0.5584007,0.48155755,0.8490317,0.5239591,0.6859369,0.599091,1.0280759,1.0044764,0.7667668,0.98188406,0.8928939,0.935743,0.409,0.4799599
Primary bile acid biosynthesis Homo sapiens hsa00120,0.809091,0.38886747,0.46492198,-0.76223636,0.41219065,0.3767203,1.3665941,0.8461417,1.0349711,-1.7150937,0.7153217,0.7311673,0.05419223,0.66083914,0.45108697,0.012631579,0.9635996,0.9319106
Primary immunodeficiency Homo sapiens hsa05340,0.5671699,-0.26386458,0.39242256,-0.31698343,0.5563869,0.48059943,0.9830474,-0.6924525,0.94682527,-0.8153807,1.0038162,0.9844951,0.540404,0.84162897,0.5647668,0.69979715,0.4884422,0.50553876
Prion diseases Homo sapiens hsa05020,0.74477553,0.2564268,0.25207403,0.4406861,0.45477197,0.43225604,1.2798822,0.62679356,0.61887926,1.1567552,0.8350788,0.9031173,0.07236181,0.91433567,0.9268547,0.28764477,0.8778779,0.7337337
Progesterone-mediated oocyte maturation Homo sapiens hsa04914,0.5747042,-0.19040662,0.24388595,-0.24627422,0.43395406,0.35200745,1.0372486,-0.64733154,0.7004027,-0.891061,0.86245185,0.8068555,0.394,0.97074467,0.949,0.6673684,0.966,0.99
Prolactin signaling pathway Homo sapiens hsa04917,0.48948655,0.28752506,0.34517294,-0.2687707,0.4775592,0.35611415,0.8867717,0.9173706,0.98884046,-0.95672613,0.9489827,0.8200801,0.822,0.5588697,0.548,0.5102041,0.732,0.976
Propanoate metabolism Homo sapiens hsa00640,0.71315485,-0.39836058,0.27791166,-0.4975124,0.526347,0.4856374,1.2628918,-1.1570992,0.73311824,-1.4647336,0.9848909,1.0443258,0.06906907,0.2722372,0.86565655,0.07471264,0.539,0.362
Prostate cancer Homo sapiens hsa05215,0.5047312,0.3144559,0.44280836,0.25855684,0.44726568,0.35261217,0.9235394,1.062995,1.2843598,0.96438754,0.89666736,0.81950754,0.745,0.3074485,0.045,0.51782364,0.911,0.986
Proteasome Homo sapiens hsa03050,0.6242788,0.42802748,0.3556291,0.3463639,0.54342777,0.4880093,1.1294119,1.2443229,0.9797381,1.1083554,1.0516438,1.0867734,0.217,0.18801996,0.564,0.2963671,0.288,0.223
Protein digestion and absorption Homo sapiens hsa04974,0.50501436,0.33774164,0.3652835,0.23924762,0.5275071,0.41556057,0.9167886,1.052281,1.0309502,0.8324048,1.0475551,0.95205283,0.744,0.3954984,0.446,0.7528517,0.279,0.671
Protein export Homo sapiens hsa03060,0.56469196,-0.36518088,0.34187984,0.37661615,0.53134865,0.38019,0.97999734,-1.0178753,0.88774276,1.0491354,0.9788179,0.7998329,0.5501002,0.4117647,0.6795524,0.40442654,0.539,0.9349349
Protein processing in endoplasmic reticulum Homo sapiens hsa04141,0.51128703,0.23818922,0.29986873,-0.25803092,0.46164078,0.39311585,0.9493668,0.8697271,0.89882046,-1.0621823,0.9424532,0.93246543,0.733,0.6849315,0.787,0.34166667,0.854,0.854
Proteoglycans in cancer Homo sapiens hsa05205,0.5061096,0.23029037,0.3057352,0.28649876,0.47593778,0.40340203,0.9421625,0.8513439,0.91995037,1.1976339,0.9810207,0.9692944,0.746,0.71597636,0.758,0.10458715,0.626,0.688
Proximal tubule bicarbonate reclamation Homo sapiens hsa04964,0.62496936,0.43423793,0.19754781,0.5039739,0.549515,0.4427723,1.0875299,1.0453048,0.489512,1.303483,0.9953771,0.90608865,0.36794356,0.38489208,0.9769392,0.17296223,0.50651956,0.71428573
Purine metabolism Homo sapiens hsa00230,0.53585917,0.20004594,0.33849892,-0.19443667,0.5197928,0.4462209,0.99459934,0.70927256,1.0100454,-0.77925074,1.0596523,1.0601897,0.515,0.94023323,0.476,0.92957747,0.142,0.187
Pyrimidine metabolism Homo sapiens hsa00240,0.6226503,-0.23457329,0.36431372,0.2558052,0.5146286,0.44675517,1.142978,-0.823685,1.0537162,0.9566045,1.0297718,1.0381898,0.111,0.69034094,0.378,0.5321285,0.34,0.327
Pyruvate metabolism Homo sapiens hsa00620,0.6681213,-0.28681698,0.31912664,-0.32175753,0.4917187,0.46571124,1.1833618,-0.84683,0.84878063,-0.94735646,0.9343338,1.0104924,0.15915915,0.6515151,0.7530242,0.5251938,0.693,0.44944945
RIG-I-like receptor signaling pathway Homo sapiens hsa04622,0.62371784,0.2660421,0.31319878,-0.29499504,0.5171143,0.43438816,1.1123767,0.7801138,0.8615515,-0.9683687,1.0036516,0.9689554,0.239,0.7235495,0.7487487,0.4948025,0.464,0.612
RNA degradation Homo sapiens hsa03018,0.544141,-0.25153935,0.39334357,0.23784256,0.5555114,0.45983425,0.99156934,-0.87424904,1.1215806,0.8644578,1.1054391,1.0606819,0.518,0.60583943,0.254,0.67052025,0.1,0.26
RNA polymerase Homo sapiens hsa03020,0.5684403,0.3489555,0.6038499,-0.3231802,0.5700717,0.49282497,0.9997615,0.9161351,1.5726861,-0.9366372,1.0656309,1.0510832,0.5055055,0.533913,0.009137056,0.5482546,0.3043043,0.34569138
RNA transport Homo sapiens hsa03013,0.43617842,0.24456024,0.21945632,0.23055837,0.5183025,0.44689047,0.8094915,0.8562828,0.6454906,0.9217475,1.053157,1.0575494,0.978,0.6625767,0.996,0.62643677,0.184,0.215
Rap1 signaling pathway Homo sapiens hsa04015,0.49330518,0.22511037,0.35038888,0.2563603,0.45115942,0.3720451,0.9222989,0.8313299,1.0559322,1.0796393,0.9275758,0.8937947,0.831,0.7638484,0.319,0.26728973,0.924,0.96
Ras signaling pathway Homo sapiens hsa04014,0.45018697,0.19299255,0.33558986,0.18962632,0.45140275,0.37001354,0.84065205,0.72198313,1.0114342,0.80162954,0.9319428,0.89261645,0.976,0.9419847,0.462,0.91544116,0.91,0.963
Regulation of actin cytoskeleton Homo sapiens hsa04810,0.46822348,0.26347366,0.3253972,-0.19974355,0.4624213,0.3943033,0.87305427,0.97816324,0.9779515,-0.83792216,0.9513965,0.9442676,0.931,0.4557721,0.586,0.83505154,0.83,0.82
Regulation of autophagy Homo sapiens hsa04140,0.70161426,-0.2589209,0.46679586,0.4148855,0.50534195,0.4303263,1.2145634,-0.67415804,1.1469456,1.1045387,0.91651034,0.888234,0.17369477,0.8865248,0.29115227,0.3139535,0.7309237,0.7532598
Regulation of lipolysis in adipocytes Homo sapiens hsa04923,0.5032694,0.4173085,0.39873248,0.2943348,0.48890078,0.38958952,0.90456474,1.2445544,1.1114777,0.9643505,0.95326644,0.8781574,0.749,0.18709677,0.30961925,0.5223301,0.681,0.865
Renal cell carcinoma Homo sapiens hsa05211,0.59099746,0.42825624,0.33615017,0.38878438,0.37273106,0.32477203,1.0677572,1.3600667,0.95421004,1.3473874,0.73869824,0.74223703,0.325,0.08681135,0.593,0.07904412,0.999,0.998
Renin secretion Homo sapiens hsa04924,0.5613909,0.36414647,0.5179223,-0.16179094,0.46388933,0.4236804,1.0133638,1.0383346,1.3947942,-0.50533,0.9000026,0.9454235,0.464,0.38193345,0.03009027,0.99176955,0.834,0.673
Renin-angiotensin system Homo sapiens hsa04614,0.50977504,0.29905146,0.5884517,-0.24931891,0.50849444,0.5017843,0.86978424,0.7106635,1.4070879,-0.61066705,0.9133806,1.0161963,0.7190669,0.8301226,0.061027836,0.9389474,0.69959676,0.44410875
Retinol metabolism Homo sapiens hsa00830,0.5034991,-0.40575647,0.26867303,-0.5435516,0.611167,0.5550984,0.88110304,-1.0344809,0.65482205,-1.4007169,1.094876,1.1402185,0.7022133,0.39139786,0.9018789,0.092,0.25903615,0.2004008
Retrograde endocannabinoid signaling Homo sapiens hsa04723,0.5462663,0.36776948,0.38477856,0.3252569,0.43389863,0.3897043,0.99403507,1.2189138,1.1007181,1.1886666,0.865845,0.8998574,0.519,0.18040435,0.261,0.17120622,0.966,0.878
Rheumatoid arthritis Homo sapiens hsa05323,0.595872,-0.28103206,0.417612,-0.31286913,0.48674065,0.42981932,1.0920964,-0.94516474,1.1899531,-1.0943775,0.9623975,0.98148626,0.236,0.46547315,0.149,0.31237322,0.651,0.546
Ribosome Homo sapiens hsa03010,0.57914865,0.3262268,0.27470118,0.3431325,0.45225692,0.39541715,1.0663275,1.1184316,0.7963513,1.3082054,0.90755606,0.92003435,0.28,0.27932099,0.901,0.08534323,0.916,0.838
Ribosome biogenesis in eukaryotes Homo sapiens hsa03008,0.536101,-0.25480866,0.19770227,-0.27210853,0.49688074,0.42603505,0.9770389,-0.8851295,0.55015075,-0.95046645,0.97963864,0.9710627,0.57,0.5984042,0.987,0.52662724,0.582,0.595
SNARE interactions in vesicular transport Homo sapiens hsa04130,0.62825453,0.39405072,0.38641456,-0.45114508,0.58427805,0.48083454,1.1254765,1.1175338,1.0353024,-1.3729272,1.1087903,1.0455595,0.247,0.3105263,0.45262095,0.12210526,0.162,0.348
Salivary secretion Homo sapiens hsa04970,0.51786566,0.47902063,0.48097065,0.27699447,0.4775045,0.40278378,0.93581575,1.4358767,1.3529496,0.9320239,0.9284803,0.90286285,0.681,0.0846395,0.043,0.5548902,0.791,0.809
Salmonella infection Homo sapiens hsa05132,0.54970235,0.33274886,0.32424718,-0.29935092,0.5195032,0.42684618,0.999777,1.0565208,0.92659867,-1.0609015,1.0373226,0.9810296,0.501,0.35166666,0.668,0.3545082,0.311,0.558
Selenocompound metabolism Homo sapiens hsa00450,0.6928658,-0.1623759,0.37724185,-0.30589727,0.7474175,0.6921759,1.1665479,-0.38131845,0.8787474,-0.7291785,1.2913442,1.3368694,0.24974619,1.0,0.669924,0.8095238,0.054380666,0.038500506
Serotonergic synapse Homo sapiens hsa04726,0.562181,0.33348522,0.3870016,0.3237996,0.40531206,0.33043852,1.0261697,1.0803457,1.1060485,1.1547391,0.8081526,0.76343864,0.409,0.32232705,0.281,0.23005566,0.998,0.998
Shigellosis Homo sapiens hsa05131,0.65529007,-0.19590941,0.40932587,-0.3019889,0.48178127,0.40479267,1.1864544,-0.65231544,1.1614058,-1.0702281,0.9450176,0.91836095,0.074,0.95165396,0.1891892,0.33675563,0.726,0.808
Signaling pathways regulating pluripotency of stem cells Homo sapiens hsa04550,0.45653728,-0.1951882,0.30799907,0.21670455,0.45927116,0.38175088,0.8404963,-0.7391527,0.91218126,0.87079924,0.9361373,0.906924,0.948,0.91530055,0.752,0.7461832,0.851,0.905
Small cell lung cancer Homo sapiens hsa05222,0.4885146,0.2954828,0.29277426,0.26974043,0.49722555,0.4140589,0.8921953,0.97047144,0.8390552,0.9865793,0.9929355,0.95887345,0.8,0.47974068,0.828,0.50870407,0.532,0.661
Sphingolipid metabolism Homo sapiens hsa00600,0.44174784,0.4561113,0.23148984,0.2861621,0.5119662,0.45678705,0.7850747,1.2778468,0.6244937,0.89275646,0.9755841,0.9947821,0.902,0.15762712,0.94768614,0.6164383,0.572,0.5065065
Sphingolipid signaling pathway Homo sapiens hsa04071,0.49220222,0.35812318,0.250496,0.30768955,0.46800774,0.38045377,0.9007221,1.2450467,0.73248434,1.1869102,0.9462348,0.89176375,0.847,0.16992481,0.967,0.15637065,0.792,0.92
Spliceosome Homo sapiens hsa03040,0.46479964,0.21968128,0.31066963,0.22644557,0.49539092,0.44363016,0.8570546,0.7554852,0.9207456,0.88790494,1.0061824,1.0482534,0.92,0.84615386,0.704,0.6987522,0.456,0.248
Staphylococcus aureus infection Homo sapiens hsa05150,0.3926557,-0.24900794,0.57099545,-0.3074931,0.6038408,0.54574555,0.6684342,-0.64467233,1.4016426,-0.81742233,1.1009434,1.1294125,0.9465726,0.8893709,0.060479667,0.7362205,0.23023023,0.20962888
Starch and sucrose metabolism Homo sapiens hsa00500,0.6078593,0.24406093,0.50718,-0.40745145,0.49395227,0.47577426,1.0690097,0.6547105,1.3047233,-1.1766713,0.9299895,1.0198946,0.36936936,0.9084507,0.115384616,0.24731183,0.713,0.422
Steroid biosynthesis Homo sapiens hsa00100,0.4662484,0.22196826,0.22842295,0.335662,0.6136148,0.5236656,0.81247413,0.5553697,0.56291527,0.88692343,1.1166953,1.0751787,0.7941767,0.95644283,0.9529781,0.6199187,0.1981982,0.30792376
Steroid hormone biosynthesis Homo sapiens hsa00140,0.59214246,-0.72287625,0.56286407,-0.40655005,0.5282857,0.48071572,1.0269799,-1.895309,1.3975439,-1.0451152,0.96563864,0.9927088,0.45223576,0.013274336,0.06742739,0.38979593,0.572,0.50901806
Synaptic vesicle cycle Homo sapiens hsa04721,0.6162374,-0.32694823,0.3593552,-0.40401182,0.44500035,0.40748858,1.1136959,-1.0932677,1.0138327,-1.3643336,0.86993706,0.9203196,0.219,0.29187816,0.4814815,0.0862423,0.939,0.777
Systemic lupus erythematosus Homo sapiens hsa05322,0.31201404,-0.31285316,0.3870019,-0.40289918,0.5766561,0.51554126,0.5436618,-0.8831701,1.0075039,-1.1478506,1.0757573,1.0991209,0.991,0.5869565,0.48676172,0.27327934,0.249,0.225
T cell receptor signaling pathway Homo sapiens hsa04660,0.44445542,0.24650864,0.2723972,0.27496013,0.51605034,0.42811918,0.81226677,0.8173622,0.7881714,1.0141146,1.0322628,0.99323237,0.929,0.73146623,0.893,0.41935483,0.348,0.511
TGF-beta signaling pathway Homo sapiens hsa04350,0.47495124,-0.28700632,0.33225885,0.23962341,0.43076995,0.3773463,0.87053335,-0.95623285,0.94523543,0.82690454,0.8513404,0.8611439,0.846,0.44908616,0.632,0.76459146,0.966,0.934
TNF signaling pathway Homo sapiens hsa04668,0.55724347,0.2913284,0.33151007,0.28411794,0.4906801,0.40631002,1.0235988,0.98481554,0.9696428,1.0839089,0.9876131,0.9491848,0.426,0.44283414,0.568,0.33017078,0.557,0.716
Taste transduction Homo sapiens hsa04742,0.6411417,0.57311815,0.6020909,0.45594501,0.5882107,0.5354315,1.1530792,1.6289803,1.6321601,1.4111494,1.130351,1.1793935,0.186,0.04597701,0.0,0.074074075,0.107,0.074
Terpenoid backbone biosynthesis Homo sapiens hsa00900,0.47339302,0.6310071,0.45562,0.46927527,0.48221228,0.39245325,0.82786196,1.6513602,1.1692761,1.3233333,0.8936042,0.82549065,0.8246493,0.04280822,0.27987742,0.14314516,0.794,0.895
Thyroid cancer Homo sapiens hsa05216,0.69686896,0.47414845,0.35073707,0.5031129,0.45607358,0.40723518,1.2234347,1.2426997,0.90646094,1.423848,0.85311097,0.8656885,0.14128256,0.19727892,0.61890244,0.064449064,0.886,0.8128128
Thyroid hormone signaling pathway Homo sapiens hsa04919,0.53547025,0.27658007,0.39686772,0.25366592,0.4884392,0.41981813,0.9850076,0.95250386,1.1547492,0.96566564,0.986485,0.98449373,0.556,0.49776453,0.158,0.5117647,0.566,0.557
Thyroid hormone synthesis Homo sapiens hsa04918,0.6034748,0.5065521,0.45787784,0.3471102,0.4721273,0.42823106,1.0880332,1.5173075,1.2897615,1.1634727,0.9185833,0.9580766,0.273,0.061769616,0.084,0.21485944,0.807,0.631
Tight junction Homo sapiens hsa04530,0.5338204,0.1935256,0.21247414,0.3229949,0.48182625,0.4122837,0.9861007,0.66571283,0.6209003,1.2540323,0.9763032,0.97290856,0.557,0.9561271,0.997,0.11045365,0.633,0.624
Toll-like receptor signaling pathway Homo sapiens hsa04620,0.5633582,0.33393028,0.2480526,0.26925138,0.47225586,0.37495995,1.0217496,1.0690601,0.7123718,0.93848395,0.9376469,0.85836977,0.438,0.34634146,0.934,0.5547025,0.754,0.936
Toxoplasmosis Homo sapiens hsa05145,0.51396734,0.3550712,0.27273792,0.22080712,0.44562244,0.35127673,0.9405797,1.1921016,0.800248,0.8369757,0.8946951,0.81865466,0.71,0.20512821,0.884,0.80196077,0.933,0.993
Transcriptional misregulation in cancer Homo sapiens hsa05202,0.5524322,0.4223493,0.33082584,0.287404,0.5197872,0.46434,1.0237031,1.5304502,0.97795796,1.1520412,1.055394,1.0987248,0.414,0.03327787,0.569,0.19337016,0.169,0.078
Tryptophan metabolism Homo sapiens hsa00380,0.5316651,0.17263573,0.44642946,0.2903699,0.46368444,0.4158323,0.95219845,0.4839974,1.189743,0.87249345,0.8824733,0.915023,0.622,0.987931,0.21349446,0.652439,0.843,0.73
Tuberculosis Homo sapiens hsa05152,0.48351368,-0.23497763,0.3514596,-0.30648488,0.46142358,0.38567805,0.8941579,-0.88502765,1.0390062,-1.1977658,0.9399951,0.9117946,0.852,0.60882354,0.421,0.15071283,0.845,0.885
Type I diabetes mellitus Homo sapiens hsa04940,0.50062805,0.33475277,0.4514761,0.23227227,0.48341125,0.46774855,0.85256994,0.78590137,1.058595,0.5529825,0.85602075,0.9288319,0.72865856,0.7168784,0.42004263,0.96161616,0.8098098,0.6287726
Type II diabetes mellitus Homo sapiens hsa04930,0.5577473,-0.26575842,0.26135918,-0.34686556,0.4275808,0.35100314,0.98344046,-0.8149419,0.71718055,-1.0985409,0.8245554,0.7779523,0.551,0.71428573,0.9049049,0.28830644,0.961,0.975
Tyrosine metabolism Homo sapiens hsa00350,0.6242578,0.32943845,0.38313553,0.3686043,0.4912806,0.4156449,1.0967607,0.8254547,0.93305224,0.9556039,0.88681823,0.85200906,0.34242424,0.6613475,0.60440713,0.5279851,0.778335,0.801005
Ubiquitin mediated proteolysis Homo sapiens hsa04120,0.5816747,-0.26009423,0.32918152,0.20672616,0.46327564,0.41945812,1.075171,-0.94888264,0.9755373,0.80002946,0.94219524,0.98977906,0.222,0.464986,0.578,0.88030887,0.821,0.547
VEGF signaling pathway Homo sapiens hsa04370,0.50171655,0.28106502,0.23669186,0.3266354,0.5251309,0.42239445,0.9041283,0.8928038,0.6664817,1.0988681,1.032303,0.9610943,0.743,0.5906149,0.9569138,0.31384015,0.363,0.623
"Valine, leucine and isoleucine degradation Homo sapiens hsa00280",0.5818489,-0.27278447,0.26516804,-0.3246283,0.5142862,0.43908826,1.0548348,-0.8483786,0.72302896,-1.0418531,0.9950082,0.9760732,0.367,0.6105769,0.8878879,0.37621832,0.51,0.557
Vascular smooth muscle contraction Homo sapiens hsa04270,0.5285206,0.27656552,0.43425694,0.19875085,0.45421487,0.3759333,0.97343904,0.90477973,1.2467239,0.72522265,0.90959054,0.87107563,0.6,0.5808937,0.058,0.9300567,0.897,0.941
Vasopressin-regulated water reabsorption Homo sapiens hsa04962,0.5036481,0.3460155,0.29457006,0.21366858,0.5882408,0.51241326,0.9046054,1.0212827,0.79979086,0.66410255,1.1434374,1.1365086,0.722,0.40947548,0.8316633,0.93320966,0.092,0.134
Vibrio cholerae infection Homo sapiens hsa05110,0.6593346,-0.33022696,0.42876494,-0.28638947,0.47915044,0.42472464,1.1821591,-1.0284152,1.1886964,-0.92657703,0.9293555,0.946703,0.119,0.35858586,0.19057171,0.55490196,0.757,0.663
Viral carcinogenesis Homo sapiens hsa05203,0.49242333,-0.20839374,0.268069,-0.22878507,0.45955876,0.38001853,0.9138876,-0.7932542,0.80006903,-0.9272663,0.93830305,0.902243,0.82,0.8382353,0.944,0.58099353,0.881,0.938
Viral myocarditis Homo sapiens hsa05416,0.41141024,0.18131703,0.3618248,0.15285282,0.45136407,0.41630515,0.7358157,0.54017687,0.9872839,0.48599753,0.8716173,0.92526597,0.96392787,0.9814815,0.5437186,0.9980769,0.898,0.718
Vitamin digestion and absorption Homo sapiens hsa04977,0.57705265,-0.24162784,0.45241758,0.30410418,0.66903424,0.6365133,1.0073376,-0.6192346,1.1170859,0.7801105,1.2100993,1.3051655,0.49646822,0.9288889,0.33264032,0.76504856,0.077,0.027081244
Wnt signaling pathway Homo sapiens hsa04310,0.5061743,-0.22152185,0.31367472,0.2386918,0.48227683,0.41404596,0.9377045,-0.8168284,0.92978525,0.9408533,0.985692,0.9848957,0.73,0.744382,0.69,0.584,0.562,0.576
alpha-Linolenic acid metabolism Homo sapiens hsa00592,0.36720216,-0.3011565,0.36740616,-0.37336096,0.544489,0.47193646,0.6376805,-0.7743361,0.90058666,-0.9797141,0.9835596,0.96457773,0.9487437,0.72727275,0.6335404,0.46995708,0.5446339,0.563
beta-Alanine metabolism Homo sapiens hsa00410,0.43967494,-0.43622643,0.28288832,-0.5225204,0.49263936,0.4621703,0.7723602,-1.2418172,0.7322486,-1.4835461,0.911302,0.9869683,0.8767535,0.19095477,0.8456105,0.06390978,0.7517518,0.5145145
cAMP signaling pathway Homo sapiens hsa04024,0.46331698,0.28396213,0.36017856,-0.16335218,0.49223986,0.42820138,0.8630836,1.015279,1.0747243,-0.6712001,1.0074172,1.0195372,0.935,0.39085546,0.292,0.993617,0.436,0.37
cGMP-PKG signaling pathway Homo sapiens hsa04022,0.44025064,0.3113892,0.36599818,0.20512865,0.4625323,0.38156658,0.82197094,1.084915,1.0914701,0.8184681,0.94439685,0.9077985,0.971,0.3054755,0.247,0.86923075,0.827,0.913
mRNA surveillance pathway Homo sapiens hsa03015,0.52814955,0.32639924,0.3330972,0.4053153,0.61714524,0.5205445,0.9685164,1.0661551,0.9568042,1.4873129,1.2330276,1.2034668,0.614,0.3197492,0.594,0.026262626,0.001,0.017
mTOR signaling pathway Homo sapiens hsa04150,0.57199574,-0.27919796,0.36231425,0.26317397,0.43621862,0.32801047,1.0302755,-0.87969,1.0187268,0.8718098,0.84815025,0.73912144,0.431,0.5728395,0.492,0.6848249,0.954,0.997
p53 signaling pathway Homo sapiens hsa04115,0.5670502,-0.38839978,0.25722715,-0.2626564,0.55711997,0.44015124,1.0330803,-1.3083997,0.72344977,-0.91761667,1.0985054,1.0043988,0.41,0.13910761,0.9259259,0.5959596,0.143,0.484
