,Term,ES,NES,NOM p-value,FDR p-value,Set size,Tag %,Rank %,Leading edge
248,Thyroid hormone signaling pathway Homo sapiens hsa04919,-0.31366718,-1.0831311,0.3060921,1.0,96,0.19791667,0.14543532,PIK3R5;PLCD4;SLC16A2;MED1;KRAS;AKT3;STAT1;DIO3;CASP9;KAT2B;NCOA1;MAP2K2;NOTCH1;PLCG1;AKT2;PLCB4;SIN3A;ACTG1;MED24
249,Thyroid hormone synthesis Homo sapiens hsa04918,-0.2975757,-0.9242167,0.5638978,1.0,51,0.33333334,0.26300687,GNAS;ITPR2;CREB3;ADCY8;LRP2;HSPA5;CREB1;ADCY3;GPX8;TPO;ADCY9;GPX7;ITPR3;PLCB4;ADCY1;GPX3;GPX1
250,Tight junction Homo sapiens hsa04530,-0.23169033,-0.80335784,0.86936235,1.0,104,0.14423077,0.10918976,PRKCE;GNAI1;EPB41L2;MAGI2;SHROOM2;PPP2R2B;CLDN3;AKT3;YES1;CLDN6;CTNNA1;AKT2;LLGL1;ACTG1;MAGI3
251,Toll-like receptor signaling pathway Homo sapiens hsa04620,-0.31998166,-1.0268594,0.40930232,1.0,62,0.20967741,0.112361245,PIK3R5;RIPK1;AKT3;STAT1;CD40;IKBKB;MAP2K2;TOLLIP;TLR4;AKT2;CD80;MAPK9;NFKBIA
252,Toxoplasmosis Homo sapiens hsa05145,-0.29686886,-0.98538685,0.47832587,1.0,86,0.24418604,0.14732312,PIK3R5;GNAI1;MAP2K6;PPIF;TAB1;AKT3;HLA-DMB;GNAO1;STAT1;CASP3;CASP9;HSPA1L;CD40;IKBKB;IFNGR1;TLR4;AKT2;ITGB1;BIRC3;MAPK9;NFKBIA
253,Transcriptional misregulation in cancer Homo sapiens hsa05202,0.26714593,1.0561721,0.31868133,1.0,126,0.17460318,0.12663294,PTCRA;KLF3;SPINT1;ATM;CCND2;FLT3;MYC;JMJD1C;PTK2;LDB1;MET;RELA;MYCN;RARA;EYA1;GOLPH3L;FUS;FOXO1;TLX1;MEIS1;PAX3;LYL1
254,Tryptophan metabolism Homo sapiens hsa00380,0.51236844,1.5366815,0.02905569,1.0,31,0.22580644,0.14543532,ALDH9A1;OGDH;IL4I1;TPH2;CYP1B1;GCDH;MAOA
255,Tuberculosis Homo sapiens hsa05152,0.29461145,1.1530231,0.16207951,1.0,111,0.10810811,0.085781164,IL18;BCL10;FCGR2C;ATP6V1H;IFNGR2;PLA2R1;HSPD1;IL1A;RELA;EEA1;CASP8;BCL2
240,Synaptic vesicle cycle Homo sapiens hsa04721,0.20107645,0.6830639,0.96648043,1.0,53,0.16981132,0.1556294,VAMP2;SLC32A1;RAB3A;ATP6V1H;AP2A1;ATP6V1G2;DNM3;STX1B;AP2M1
241,Systemic lupus erythematosus Homo sapiens hsa05322,0.39079982,1.0684602,0.36976743,1.0,23,0.13043478,0.0151023185,SNRPD3;SNRPB;C7
242,T cell receptor signaling pathway Homo sapiens hsa04660,0.21539162,0.76837945,0.9030471,1.0,74,0.25675675,0.22185305,CHUK;BCL10;TEC;NRAS;PIK3CB;CTLA4;CDC42;PIK3R3;CD247;RELA;IL10;PIK3CD;ZAP70;SOS1;NFATC2;FYN;NFKB1;PPP3CC;PAK4
243,TGF-beta signaling pathway Homo sapiens hsa04350,0.2839967,0.96911484,0.50141644,1.0,62,0.19354838,0.16582346,ACVR2B;BMPR1B;TGFB1;TGFBR1;MYC;PPP2R1B;AMHR2;THBS1;NODAL;BMPR2;SMURF1;INHBB
244,TNF signaling pathway Homo sapiens hsa04668,-0.25867847,-0.8714499,0.7096774,1.0,83,0.26506025,0.1752624,PIK3R5;RIPK1;MAP2K6;TAB1;CREB1;DAB2IP;AKT3;TRAF5;CASP3;CSF1;ITCH;IKBKB;MMP9;AKT2;MMP14;CFLAR;FAS;BIRC3;MAPK9;DNM1L;NFKBIA;JAG1
245,Taste transduction Homo sapiens hsa04742,0.29807788,0.9405269,0.5580247,1.0,38,0.2631579,0.19542399,GRM4;GNAT3;GNB3;PKD1L3;SCN2A;P2RX3;PRKACA;CHRM3;GABBR2;GABRA2
246,Terpenoid backbone biosynthesis Homo sapiens hsa00900,0.38622594,1.0460194,0.3995381,1.0,20,0.4,0.21898362,PDSS2;ZMPSTE24;IDI1;DHDDS;ICMT;ACAT1;GGPS1;RCE1
247,Thyroid cancer Homo sapiens hsa05216,-0.2713122,-0.7207957,0.85794395,1.0,24,0.041666668,0.0049082534,NCOA4
232,Small cell lung cancer Homo sapiens hsa05222,0.31820655,1.1270143,0.22284123,1.0,72,0.20833333,0.14671902,CHUK;TRAF2;LAMA5;PIK3CB;MYC;PTK2;PIK3R3;RELA;LAMB3;ITGA6;BIRC2;TRAF4;CCNE1;BCL2;CDK6
233,Sphingolipid metabolism Homo sapiens hsa00600,-0.32055408,-0.9271432,0.57666665,1.0,35,0.4,0.2587782,SGPP1;ACER2;GBA2;B4GALT6;GLA;NEU3;CERS5;GALC;CERS6;SPHK2;UGCG;SGPP2;ASAH2;ASAH1
234,Sphingolipid signaling pathway Homo sapiens hsa04071,0.25512096,0.9532244,0.5488959,1.0,98,0.1734694,0.13267386,PPP2R5B;TRAF2;PPP2R5C;SGMS1;PLD2;PPP2R5A;PRKCZ;PPP2R1B;PIK3R3;RELA;NOS3;PRKCB;ABCC1;FYN;S1PR3;RAC2;BCL2
235,Spliceosome Homo sapiens hsa03040,-0.28714028,-1.0013076,0.44144145,1.0,107,0.23364486,0.18009515,ISY1;SF3B1;PCBP1;LSM6;HNRNPU;PRPF6;SNRPC;PRPF40B;SF3B5;HSPA1L;SF3A3;PRPF19;LSM5;SNW1;CCDC12;PPIH;SRSF6;PRPF8;XAB2;SF3A1;TCERG1;PPIE;BCAS2;SF3B3;U2AF1L4
236,Staphylococcus aureus infection Homo sapiens hsa05150,-0.26086736,-0.66753685,0.8980322,1.0,21,0.2857143,0.27063355,SELP;SELPLG;C2;HLA-DMB;HLA-DQB1;C1S
237,Starch and sucrose metabolism Homo sapiens hsa00500,0.35864612,1.0087621,0.43341404,1.0,23,0.3043478,0.1491354,ENPP1;UGDH;GBE1;HK2;PGM2;GYS1;GAA
238,Steroid biosynthesis Homo sapiens hsa00100,-0.32507053,-0.7657337,0.79599273,1.0,16,0.25,0.17345013,FDFT1;LSS;FAXDC2;SOAT1
239,Steroid hormone biosynthesis Homo sapiens hsa00140,-0.47929883,-1.2049054,0.26288658,1.0,19,0.31578946,0.16242543,HSD17B8;CYP11A1;HSD11B1;SRD5A1;HSD11B2;CYP3A5
224,Ribosome biogenesis in eukaryotes Homo sapiens hsa03008,-0.25105748,-0.8000675,0.8208469,1.0,61,0.24590164,0.23861663,UTP15;DKC1;RBM28;TBL3;XRN1;NOB1;WDR36;RPP25L;CSNK2B;RPP40;WDR43;IMP3;DROSHA;RIOK2;POP4
225,SNARE interactions in vesicular transport Homo sapiens hsa04130,0.28641018,0.8173004,0.7117795,1.0,28,0.2857143,0.16823983,VAMP2;STX7;SNAP23;STX6;STX11;STX5;STX1B;VAMP5
226,Salivary secretion Homo sapiens hsa04970,-0.23173666,-0.73164976,0.900161,1.0,53,0.20754717,0.19512194,SLC12A2;GUCY1A2;RYR3;ADCY9;ITPR3;CALM1;PLCB4;CAMP;ADCY1;CALM3;CST3
227,Salmonella infection Homo sapiens hsa05132,0.30179968,1.0325588,0.37297297,1.0,61,0.21311475,0.16952352,IL18;PKN3;CDC42;IFNGR2;TLR5;FLNA;MYH14;IL1A;RELA;ARPC1A;DYNC2H1;ARPC3;FLNB
228,Selenocompound metabolism Homo sapiens hsa00450,-0.30581573,-0.68444103,0.8426573,1.0,12,0.16666667,0.09793853,TXNRD3;PSTK
229,Serotonergic synapse Homo sapiens hsa04726,-0.24717277,-0.8122557,0.81696427,1.0,78,0.1923077,0.1732991,CACNA1A;GNAI1;ARAF;KCNN2;KCNJ3;KRAS;HTR4;GNAO1;CASP3;CACNA1B;GNB5;KCND2;ITPR3;PLCB4;GNG2
230,Shigellosis Homo sapiens hsa05131,-0.3721266,-1.1598666,0.24566929,1.0,55,0.18181819,0.112361245,CRKL;ELMO1;ELMO3;IKBKB;ITGB1;MAPK9;ACTG1;NFKBIA;ROCK2;U2AF1L4
231,Signaling pathways regulating pluripotency of stem cells Homo sapiens hsa04550,-0.25580627,-0.9015597,0.65349543,1.0,118,0.15254237,0.17095824,PIK3R5;FZD10;SOX2;KRAS;JAK3;BMP2;INHBA;WNT7B;AKT3;HNF1A;MAP2K2;FZD6;AKT2;PAX6;ID3;HESX1;WNT2B;LHX5
24,Arginine biosynthesis Homo sapiens hsa00220,-0.3733262,-0.8536243,0.64223385,1.0,13,0.30769232,0.20629767,ARG1;ACY1;ASL;GPT
25,Arrhythmogenic right ventricular cardiomyopathy (ARVC) Homo sapiens hsa05412,-0.3203645,-1.0410413,0.3935484,1.0,67,0.26865673,0.2526618,ITGA11;LEF1;ATP2A2;ITGA4;ITGB6;CACNB3;RYR2;DSC2;ACTB;ITGA10;CTNNA1;DSP;CACNG7;PKP2;ITGB1;ACTN2;ITGA3;ACTG1
26,Ascorbate and aldarate metabolism Homo sapiens hsa00053,0.8919439,1.6479187,0.008350731,1.0,5,0.4,0.047119234,ALDH9A1;UGDH
27,Asthma Homo sapiens hsa05310,-0.667443,-1.3593053,0.1404806,1.0,8,0.5,0.20576909,FCER1G;HLA-DMB;CD40;HLA-DQB1
28,Autoimmune thyroid disease Homo sapiens hsa05320,-0.56241196,-1.3206776,0.1569343,1.0,14,0.42857143,0.21415088,HLA-DMB;CD40;HLA-DQB1;TPO;FAS;CD80
29,Axon guidance Homo sapiens hsa04360,0.2308279,0.8807801,0.7705882,1.0,114,0.14035088,0.11538171,CDC42;PTK2;NTN1;RASA1;SLIT2;MET;LRRC4C;DPYSL2;DPYSL5;NFATC2;FYN;UNC5C;RAC2;EFNA5;PLXNC1;SEMA3E
30,B cell receptor signaling pathway Homo sapiens hsa04662,-0.2793437,-0.87585175,0.67589575,1.0,61,0.14754099,0.10027939,PIK3R5;LYN;AKT3;IKBKB;MAP2K2;AKT2;DAPP1;NFKBIA;CD79A
31,Bacterial invasion of epithelial cells Homo sapiens hsa05100,-0.34266794,-1.0985086,0.2880259,1.0,63,0.15873016,0.1029223,GAB1;PIK3R5;CRKL;ELMO1;ELMO3;CTNNA1;BCAR1;CAV1;ITGB1;ACTG1
16,Aminoacyl-tRNA biosynthesis Homo sapiens hsa00970,-0.2756334,-0.72470367,0.87015176,1.0,23,0.17391305,0.14619043,EARS2;FARSB;YARS2;PSTK
17,Amoebiasis Homo sapiens hsa05146,0.30727574,1.0906771,0.2777778,1.0,67,0.26865673,0.22185305,CD1D;ACTN4;LAMA5;PIK3CB;TGFB1;PTK2;PIK3R3;PRKACA;RELA;IL10;PIK3CD;LAMB2;PRKCB;SERPINB9;LAMB3;COL1A1;LAMC1;NFKB1
18,Amphetamine addiction Homo sapiens hsa05031,0.27285987,0.9247318,0.59151196,1.0,54,0.35185185,0.26738656,PDYN;SIRT1;CACNA1D;SLC18A1;GRIN1;CREB3L4;PRKACA;CAMK2B;GRIA2;HDAC1;MAOB;PRKCB;ATF4;MAOA;CREB3L1;ATF2;CAMK2A;PPP3CC;PRKACB
19,Amyotrophic lateral sclerosis (ALS) Homo sapiens hsa05014,0.25792542,0.84815127,0.7206704,1.0,44,0.045454547,0.014045156,TOMM40;BCL2
20,Antigen processing and presentation Homo sapiens hsa04612,-0.39330906,-1.1174023,0.29333332,1.0,33,0.3030303,0.2325002,HSPA5;CREB1;HLA-DMB;RFX5;IFI30;HSPA1L;HLA-DQB1;TAP1;NFYC;CALR
21,Apoptosis Homo sapiens hsa04210,-0.3261259,-1.1441659,0.21911764,1.0,109,0.23853211,0.12542476,PIK3R5;RIPK1;LMNB2;SPTA1;DAB2IP;AKT3;DFFB;TUBA1B;CASP3;CASP9;CTSW;IKBKB;MAP2K2;ENDOG;AKT2;CFLAR;ITPR3;PARP2;BAK1;BIRC3;ERN1;MAPK9;TUBA1A;ACTG1;NFKBIA;CAPN2
22,Arachidonic acid metabolism Homo sapiens hsa00590,0.23274858,0.7187676,0.907455,1.0,37,0.1891892,0.16990107,CYP4F8;PLB1;CBR1;PLA2G4A;HPGDS;CBR3;PTGES2
23,Arginine and proline metabolism Homo sapiens hsa00330,0.33574805,1.089398,0.3170103,1.0,40,0.25,0.19263007,ALDH9A1;SAT2;PYCR2;CNDP1;SRM;NOS3;L3HYPDH;MAOA;P4HA1;CKMT2
8,African trypanosomiasis Homo sapiens hsa05143,-0.3159932,-0.75765085,0.77835053,1.0,16,0.3125,0.17337461,APOA1;F2RL1;FAS;PLCB4;THOP1
9,"Alanine, aspartate and glutamate metabolism Homo sapiens hsa00250",-0.222533,-0.58409977,0.9720768,1.0,23,0.26086956,0.20629767,ASPA;GAD1;ASL;PPAT;DDO;GPT
10,Alcoholism Homo sapiens hsa05034,-0.25590453,-0.8491353,0.73510975,1.0,83,0.21686748,0.1876463,GNAI1;ARAF;KRAS;NTRK2;HDAC9;CREB1;HDAC8;GNAO1;GNB5;CAMKK2;HDAC11;CALM1;SHC4;GNG2;SHC3;BDNF;CALM3;HAT1
11,Aldosterone synthesis and secretion Homo sapiens hsa04925,-0.3990014,-1.2758901,0.12828948,1.0,60,0.38333333,0.2821868,GNAS;ITPR2;CYP11A1;PRKCE;CREB3;ADCY8;CREB1;SCARB1;NR4A2;ADCY3;PRKD3;ATF1;ORAI1;CACNA1G;LDLR;ADCY9;CAMK1G;ITPR3;CALM1;PLCB4;PRKD2;ADCY1;CALM3
12,Aldosterone-regulated sodium reabsorption Homo sapiens hsa04960,0.30521113,0.8993438,0.63961816,1.0,28,0.21428572,0.14309447,PIK3CB;SFN;PIK3R3;PRKCB;INSR;SGK1
13,Allograft rejection Homo sapiens hsa05330,-0.6594372,-1.4195112,0.10163339,1.0,10,0.5,0.20576909,HLA-DMB;CD40;HLA-DQB1;FAS;CD80
14,Alzheimer's disease Homo sapiens hsa05010,-0.2944652,-1.0633433,0.3139881,1.0,127,0.16535433,0.12957789,NDUFB6;NDUFS2;COX7B;CASP3;NDUFV3;CASP9;NDUFA5;NDUFS6;APOE;UQCR11;ITPR3;SDHC;CALM1;PLCB4;NDUFA11;NDUFB8;ERN1;NDUFB4;CALM3;CAPN2;COX7A2
15,Amino sugar and nucleotide sugar metabolism Homo sapiens hsa00520,0.2803827,0.8818357,0.6501241,1.0,41,0.12195122,0.10284679,UGDH;HK2;PGM2;MPI;RENBP
256,Type I diabetes mellitus Homo sapiens hsa04940,-0.34492972,-0.80426335,0.7234432,1.0,14,0.35714287,0.20576909,HLA-DMB;HLA-DQB1;GAD1;FAS;CD80
1,ABC transporters Homo sapiens hsa02010,0.40428805,1.1908237,0.21356784,1.0,29,0.20689656,0.11847769,ABCA2;ABCA13;ABCD4;ABCA5;ABCC1;ABCA1
2,AGE-RAGE signaling pathway in diabetic complications Homo sapiens hsa04933,0.2741742,1.0033017,0.43589744,1.0,80,0.2,0.14309447,STAT5A;PIK3CB;CDC42;TGFBR1;PRKCZ;PLCG2;PLCD3;PIK3R3;IL1A;RELA;NOS3;PRKCB;FOXO1;COL1A1;VEGFB;BCL2
3,AMPK signaling pathway Homo sapiens hsa04152,0.2848896,1.077459,0.29819277,1.0,102,0.23529412,0.1491354,PPP2R5B;RPTOR;PRKAB1;PFKFB2;RAB10;PPP2R5C;CPT1A;PIK3CB;EEF2;SIRT1;PPP2R5A;PRKAA2;PRKAA1;PFKFB4;PPP2R1B;PIK3R3;CREB3L4;ADIPOR1;PRKAG1;PFKP;FOXO1;INSR;GYS1;CCNA2
4,Acute myeloid leukemia Homo sapiens hsa05221,0.28591612,0.9456126,0.536193,1.0,52,0.21153846,0.14309447,CHUK;STAT5A;PIM2;PIK3CB;FLT3;MYC;BRAF;PIK3R3;RELA;RARA;SOS1
5,Adherens junction Homo sapiens hsa04520,0.24000326,0.85743666,0.77111715,1.0,67,0.3283582,0.25047195,PARD3;WASF2;ACTN4;CSNK2A2;FGFR1;CDC42;TGFBR1;SNAI2;PTPRF;CDH1;PTPN1;MET;NLK;FYN;PTPN6;TCF7;CTNNA3;INSR;RAC2;LMO7;CTNNA2;PTPRJ
6,Adipocytokine signaling pathway Homo sapiens hsa04920,0.29541203,1.0011731,0.43850267,1.0,54,0.18518518,0.12670845,CHUK;PRKAB1;TRAF2;CPT1A;PRKAA2;PRKAA1;RELA;ADIPOR1;PTPN11;PRKAG1
7,Adrenergic signaling in cardiomyocytes Homo sapiens hsa04261,-0.2054311,-0.7322746,0.951952,1.0,116,0.1637931,0.17798083,PIK3R5;GNAI1;KCNQ1;TPM2;SCN4B;PPP2R2B;PPP2R2A;CREB1;PPP2R5E;AKT3;RYR2;PPP1R1A;ADCY9;AKT2;CALM1;CACNG7;PLCB4;ADCY1;CALM3
88,GABAergic synapse Homo sapiens hsa04727,0.30694935,1.0802803,0.31714284,1.0,71,0.2112676,0.121649176,PLCL1;HAP1;SLC32A1;GNG10;GNB3;GABRG3;CACNA1D;GABRG2;GNB2;GNG7;PRKCB;GNG3;GABRB1;GABRP;GABRA2
89,Galactose metabolism Homo sapiens hsa00052,0.35990235,1.0121472,0.45346063,1.0,22,0.22727273,0.10284679,HK2;PGM2;PFKP;LCT;GAA
90,Gap junction Homo sapiens hsa04540,-0.3705111,-1.2079618,0.16051364,1.0,65,0.33846155,0.27977043,GNAS;ITPR2;GRM1;MAP2K1;GNAI1;CDK1;ADCY8;KRAS;MAP2K5;ADCY3;GUCY1A2;TUBA1B;EGF;MAP2K2;ADCY9;TUBA4A;ITPR3;PLCB4;TUBA3C;ADCY1;TUBA1A;MAPK1
91,Gastric acid secretion Homo sapiens hsa04971,-0.21250713,-0.6558964,0.98394865,1.0,50,0.28,0.26300687,GNAS;ITPR2;GNAI1;ADCY8;KCNQ1;ADCY3;GAST;ACTB;ADCY9;ITPR3;CALM1;PLCB4;ADCY1;CALM3
92,Glioma Homo sapiens hsa05214,-0.3658383,-1.1507992,0.21931261,1.0,53,0.24528302,0.18666466,PIK3R5;ARAF;KRAS;AKT3;E2F3;EGF;MAP2K2;PLCG1;AKT2;CALM1;SHC4;SHC3;CALM3
93,Glucagon signaling pathway Homo sapiens hsa04922,0.21272722,0.76933223,0.9338843,1.0,74,0.25675675,0.18817489,CPT1B;PRKAB1;CPT1A;SIRT1;PKM;PRKAA2;PDHA1;PRKAA1;LDHAL6B;CREB3L4;PRKACA;PGAM4;SLC2A2;PRKAG1;FOXO1;PHKG1;GYS1;ATF2;PPP3CC
94,Glutamatergic synapse Homo sapiens hsa04724,-0.20207056,-0.6770715,0.9715142,1.0,93,0.26881722,0.26300687,GNAS;ITPR2;GRM6;GRM1;CACNA1A;GNAI1;ADCY8;KCNJ3;SLC1A3;GRM8;ADCY3;GNAO1;GRIK1;GRIA4;HOMER1;GNB5;SLC38A2;ADCY9;PLA2G4C;ITPR3;PLCB4;GNG2;PPP3CA;ADCY1;MAPK1
95,Glutathione metabolism Homo sapiens hsa00480,0.30994412,0.96318823,0.5039578,1.0,39,0.20512821,0.11243676,GSTT2;GSTP1;GSTM1;IDH1;SRM;GCLC;MGST1;TXNDC12
80,Fatty acid degradation Homo sapiens hsa00071,-0.39116713,-1.134854,0.2642487,1.0,36,0.055555556,0.0028694405,ACADSB;ECI1
81,Fatty acid elongation Homo sapiens hsa00062,0.28336295,0.7285142,0.8711217,1.0,17,0.29411766,0.20675074,ELOVL2;ELOVL6;ACOT7;HADHB;ELOVL4
82,Fatty acid metabolism Homo sapiens hsa01212,-0.25792634,-0.76949733,0.8293461,1.0,42,0.023809524,0.0021143246,ACADSB
83,Fc epsilon RI signaling pathway Homo sapiens hsa04664,-0.35898247,-1.0720444,0.36378467,1.0,48,0.22916667,0.16650306,PIK3R5;LYN;MAP2K6;KRAS;FCER1G;AKT3;MAP2K2;PLCG1;AKT2;VAV3;MAPK9
84,Fc gamma R-mediated phagocytosis Homo sapiens hsa04666,-0.37201253,-1.1975763,0.18652038,1.0,68,0.22058824,0.18998717,PIK3R5;PRKCE;LYN;PAK1;CRKL;AKT3;LIMK2;BIN1;SPHK2;PLCG1;PIP5K1C;AKT2;VAV3;ARF6;DNM2
85,Focal adhesion Homo sapiens hsa04510,-0.24186344,-0.88477236,0.7111756,1.0,167,0.13772455,0.12950239,PIK3R5;TNC;ERBB2;PAK1;ITGB6;CRKL;THBS2;AKT3;RAP1B;ARHGAP35;COL6A5;ITGA10;PIP5K1C;AKT2;PGF;BCAR1;CAV1;ITGB1;BIRC3;MAPK9;ACTG1;CAPN2;ROCK2
86,FoxO signaling pathway Homo sapiens hsa04068,0.24759129,0.93766403,0.5993691,1.0,106,0.18867925,0.14513327,CHUK;PRKAB1;RBL2;PIK3CB;SIRT1;ATM;CCND2;TGFBR1;PRKAA2;PRKAA1;BRAF;PIK3R3;CCNB1;SOS1;NLK;PRKAG1;SGK2;FOXO1;INSR;SGK1
87,Fructose and mannose metabolism Homo sapiens hsa00051,0.49255943,1.4080473,0.06726457,1.0,25,0.12,0.015932946,PFKFB4;MPI;PFKP
72,Endometrial cancer Homo sapiens hsa05213,-0.2727374,-0.835138,0.73344374,1.0,47,0.19148937,0.14233935,PIK3R5;ERBB2;ARAF;KRAS;AKT3;CASP9;MAP2K2;CTNNA1;AKT2
73,Epithelial cell signaling in Helicobacter pylori infection Homo sapiens hsa05120,-0.27198127,-0.8378833,0.72923076,1.0,53,0.2264151,0.13848826,LYN;PAK1;CXCR2;CSK;ATP6V0D1;CASP3;IKBKB;TCIRG1;PLCG1;MAPK9;NFKBIA;ATP6V0B
74,Epstein-Barr virus infection Homo sapiens hsa05169,-0.3385926,-1.2316943,0.09476662,1.0,155,0.20645161,0.15555388,POLR3K;PIK3R5;CDK1;RIPK1;POLR1C;LYN;MAP2K6;POLR2C;POLR3D;TAB1;JAK3;EIF2AK4;GTF2B;AKT3;YWHAH;TRAF5;YWHAG;HSPA1L;CD40;IKBKB;POLR3F;PLCG1;SNW1;AKT2;FGR;GTF2E2;MAPK9;PSMC5;RELB;NFKBIA;POLR3B;NEDD4
75,ErbB signaling pathway Homo sapiens hsa04012,-0.2788322,-0.92648613,0.60413355,1.0,75,0.2,0.15275995,GAB1;PIK3R5;ERBB2;ARAF;PAK1;KRAS;CRKL;AKT3;STAT5B;ERBB3;MAP2K2;PLCG1;AKT2;SHC3;MAPK9
76,Estrogen signaling pathway Homo sapiens hsa04915,-0.4048367,-1.343843,0.06771654,1.0,79,0.4050633,0.27184173,GNAS;ITPR2;PIK3R5;GRM1;MAP2K1;CREB3;GNAI1;ADCY8;KCNJ3;FKBP4;KRAS;CREB1;AKT3;ADCY3;GNAO1;KCNJ9;JUN;HSPA1L;MAP2K2;PIK3R1;ADCY9;OPRM1;MMP9;AKT2;ITPR3;CALM1;PLCB4;SHC4;SHC3;ADCY1;CALM3;MAPK1
77,Ether lipid metabolism Homo sapiens hsa00565,0.26628086,0.79007924,0.780303,1.0,29,0.20689656,0.17337461,CHPT1;PLD2;AGPS;PLB1;PLA2G4A;LPCAT4
78,Fanconi anemia pathway Homo sapiens hsa03460,-0.28147632,-0.84164894,0.7211221,1.0,44,0.27272728,0.2163407,MUS81;PALB2;REV1;FANCF;EME1;FANCC;FANCB;FANCA;EME2;POLK;FANCI;SLX4
79,Fat digestion and absorption Homo sapiens hsa04975,0.46028036,1.2084495,0.22489083,1.0,18,0.11111111,0.020010572,DGAT1;ABCA1
64,Dilated cardiomyopathy Homo sapiens hsa05414,-0.23886158,-0.79600495,0.8477905,1.0,75,0.24,0.24382693,ITGA11;ATP2A2;ADCY8;TNNI3;TPM2;ITGA4;ITGB6;CACNB3;ADCY3;RYR2;ACTB;ITGA10;ADCY9;CACNG7;ITGB1;ITGA3;ADCY1;ACTG1
65,Dopaminergic synapse Homo sapiens hsa04728,-0.26000088,-0.88608944,0.6983895,1.0,103,0.2038835,0.17186438,CACNA1A;GNAI1;KCNJ3;PPP2R2B;PPP2R2A;CREB1;PPP2R5E;AKT3;GNAO1;GRIA4;CACNA1B;GNB5;AKT2;ITPR3;CALM1;PLCB4;DRD4;GNG2;MAPK9;CALM3;GSK3A
66,Dorso-ventral axis formation Homo sapiens hsa04320,-0.23740794,-0.612736,0.9396985,1.0,21,0.3809524,0.25892925,MAP2K1;KRAS;ETV6;PIWIL2;FMN2;NOTCH1;SPIRE2;MAPK1
67,Drug metabolism - cytochrome P450 Homo sapiens hsa00982,-0.3464734,-0.9442538,0.51754385,1.0,27,0.22222222,0.13116363,GSTM2;GSTM4;ALDH3B1;ALDH1A3;GSTM3;CYP3A5
68,Drug metabolism - other enzymes Homo sapiens hsa00983,-0.41710773,-1.0580952,0.37701976,1.0,19,0.36842105,0.14739862,DPYD;UCK1;DPYS;TK1;UPP2;UMPS;GUSB
69,ECM-receptor interaction Homo sapiens hsa04512,0.20874418,0.73504186,0.9238845,1.0,65,0.30769232,0.2325757,COL2A1;RELN;LAMA5;CD47;ITGB3;COL6A1;ITGB4;HSPG2;ITGA7;SPP1;LAMB2;THBS1;LAMB3;ITGA6;COL1A1;ITGB8;AGRN;LAMC1;THBS3;SV2A
70,Endocrine and other factor-regulated calcium reabsorption Homo sapiens hsa04961,-0.15728816,-0.44341567,0.9966887,1.0,35,0.17142858,0.19013819,CLTA;KLK1;ADCY9;PLCB4;KL;DNM2
71,Endocytosis Homo sapiens hsa04144,-0.23735552,-0.89658886,0.74058574,1.0,212,0.18867925,0.18349317,VPS4A;GRK5;SNX6;WIPF2;CHMP7;ARRB1;PRKCI;SH3GL1;FOLR1;IST1;KIT;ACAP1;SPG21;CXCR2;CAPZA1;RAB8A;ARF5;EGF;HSPA1L;ITCH;ERBB3;BIN1;EPS15;RAB5B;VPS45;RAB22A;EHD1;PIP5K1C;ARFGEF2;ARF6;MVB12A;CAV1;IL2RB;SMURF2;SNX3;VPS36;NEDD4;DAB2;DNM2;EPN2
120,Inflammatory bowel disease (IBD) Homo sapiens hsa05321,0.29750463,0.9219705,0.5841584,1.0,34,0.1764706,0.11817564,IL18;IFNGR2;TLR5;IL1A;RELA;STAT6
121,Inflammatory mediator regulation of TRP channels Homo sapiens hsa04750,-0.2743328,-0.88789994,0.6562986,1.0,70,0.17142858,0.15404364,PIK3R5;PRKCE;MAP2K6;F2RL1;ADCY9;PLCG1;ITPR3;CALM1;PLCB4;BDKRB1;MAPK9;CALM3
122,Influenza A Homo sapiens hsa05164,-0.28020188,-0.97331023,0.5014663,1.0,106,0.16981132,0.14732312,PIK3R5;HNRNPUL1;MAP2K6;EIF2AK4;AKT3;HLA-DMB;STAT1;CASP9;HSPA1L;IKBKB;MAP2K2;IFNGR1;TLR4;AKT2;RAE1;MAPK9;ACTG1;NFKBIA
123,Inositol phosphate metabolism Homo sapiens hsa00562,0.2430068,0.8319562,0.8005698,1.0,57,0.40350878,0.23755947,PIK3C2B;PIK3C2A;PIK3CB;IMPA1;MINPP1;PLCD1;MTM1;ITPK1;PLCG2;PLCD3;TPI1;INPPL1;MTMR14;PIK3CD;INPP5B;ITPKB;INPP5A;PIKFYVE;MTMR1;MTMR3;SYNJ1;INPP4A;MTMR2
124,Insulin resistance Homo sapiens hsa04931,0.24579476,0.9069463,0.6798867,1.0,82,0.2682927,0.17926452,CPT1B;PRKAB1;CPT1A;PIK3CB;PRKAA2;PRKCZ;PTPRF;PRKAA1;PIK3R3;CREB3L4;PTPN1;RELA;RPS6KA2;SLC2A2;PTPN11;TBC1D4;NOS3;PRKAG1;PRKCB;FOXO1;INSR;GYS1
125,Insulin secretion Homo sapiens hsa04911,-0.18347168,-0.58555496,0.9899833,1.0,59,0.23728813,0.2565884,GNAS;CREB3;ADCY8;KCNN2;GLP1R;KCNN3;CREB1;ADCY3;RYR2;ADCY9;ITPR3;PLCB4;ADCY1;KCNMB2
126,Insulin signaling pathway Homo sapiens hsa04910,-0.2207574,-0.77239084,0.8962406,1.0,110,0.16363636,0.15328853,PIK3R5;PHKB;ARAF;EXOC7;INPP5K;KRAS;PRKCI;CRKL;AKT3;IKBKB;MAP2K2;PYGM;AKT2;PPP1R3E;CALM1;SHC3;MAPK9;CALM3
127,Intestinal immune network for IgA production Homo sapiens hsa04672,-0.4418206,-1.1593348,0.26548672,1.0,24,0.29166666,0.20576909,ITGA4;CCL28;HLA-DMB;TNFSF13;CD40;HLA-DQB1;CD80
112,Hepatitis B Homo sapiens hsa05161,0.28851455,1.1102381,0.23919308,1.0,114,0.27192983,0.21792646,CHUK;STAT5A;NRAS;PIK3CB;TGFB1;TGFBR1;DDX3X;MYC;IRF3;PIK3R3;IKBKE;CREB3L4;HSPG2;RELA;PIK3CD;ELK1;PTK2B;IFIH1;YWHAB;NFATC2;PRKCB;ATF4;DDB1;CCNE1;NFKB1;CASP8;BCL2;CDK6;ATF2;STAT6;CCNA2
113,Hepatitis C Homo sapiens hsa05160,-0.28941646,-0.9923808,0.48024315,1.0,92,0.14130434,0.112361245,PIK3R5;RIPK1;ARAF;PPP2R2B;EIF2AK4;CLDN3;AKT3;STAT1;CLDN6;IKBKB;AKT2;MAPK9;NFKBIA
114,Herpes simplex infection Homo sapiens hsa05168,0.24363244,0.9469069,0.60625,1.0,123,0.10569106,0.089556746,CHUK;TRAF2;CSNK2A2;IFNGR2;IFIT1B;OAS3;IKBKE;TAF5L;RELA;EIF2AK3;PTPN11;IFIH1;CASP8
115,Hippo signaling pathway Homo sapiens hsa04390,0.22430077,0.87488455,0.8123077,1.0,130,0.10769231,0.08865061,DLG2;LATS1;CCND2;TGFBR1;SNAI2;PRKCZ;MYC;AMOT;TEAD1;DVL3;YWHAE;BIRC2;PARD6A;BMPR2
116,Histidine metabolism Homo sapiens hsa00340,-0.29213235,-0.71885216,0.82255083,1.0,18,0.16666667,0.13116363,ASPA;ALDH3B1;ALDH1A3
117,Homologous recombination Homo sapiens hsa03440,0.29088438,0.8146302,0.75581396,1.0,23,0.13043478,0.038737446,RAD51;NBN;RAD54B
118,Huntington's disease Homo sapiens hsa05016,-0.26577616,-0.98670864,0.46866098,1.0,152,0.16447368,0.14588839,NDUFB6;NDUFS2;POLR2C;PPIF;CREB1;COX7B;HIP1;CASP3;NDUFV3;CASP9;TGM2;NRF1;NDUFA5;NDUFS6;UQCR11;TAF4B;SDHC;PLCB4;NDUFA11;NDUFB8;SIN3A;RCOR1;NDUFB4;BDNF;COX7A2
119,Hypertrophic cardiomyopathy (HCM) Homo sapiens hsa05410,-0.18418437,-0.5995572,0.9917081,1.0,69,0.08695652,0.1029223,TPM2;ITGB6;ITGA10;CACNG7;ITGB1;ACTG1
104,Glycosylphosphatidylinositol(GPI)-anchor biosynthesis Homo sapiens hsa00563,0.3735711,1.043732,0.3849879,1.0,23,0.17391305,0.07702182,PIGB;GPAA1;PIGL;PIGH
105,Glyoxylate and dicarboxylate metabolism Homo sapiens hsa00630,0.25440988,0.7043407,0.87309647,1.0,22,0.13636364,0.094162956,MDH2;ACO1;PCCB
106,GnRH signaling pathway Homo sapiens hsa04912,-0.23149818,-0.7485852,0.88770866,1.0,65,0.3846154,0.31163633,GNAS;ITPR2;MAP2K1;ADCY8;MAP2K3;MAP2K6;KRAS;MAP3K3;ADCY3;CALM2;MAP3K1;PLA2G4F;JUN;MAP2K2;ADCY5;ADCY9;PLA2G4C;MMP14;ITPR3;CALM1;PLCB4;MAPK9;ADCY1;CALM3;MAPK1
107,Graft-versus-host disease Homo sapiens hsa05332,-0.45050415,-0.9091949,0.5825243,1.0,8,0.5,0.20576909,HLA-DMB;HLA-DQB1;FAS;CD80
108,HIF-1 signaling pathway Homo sapiens hsa04066,-0.29593027,-0.9806985,0.49462366,1.0,80,0.175,0.13629842,EPO;PIK3R5;SERPINE1;ERBB2;ALDOA;CUL2;AKT3;EGLN2;PFKFB3;MAP2K2;IFNGR1;TLR4;PLCG1;AKT2
109,HTLV-I infection Homo sapiens hsa05166,-0.2559516,-0.9610171,0.5441795,1.0,206,0.24271844,0.24337386,PIK3R5;MAD2L1;FZD10;ADCY8;KRAS;NFATC1;CDC23;TRRAP;ANAPC11;JAK3;MAP3K3;ANAPC2;EGR1;ZFP36;CREB1;WNT7B;POLB;AKT3;ADCY3;HLA-DMB;MAP3K1;ATF1;E2F3;STAT5B;CCND3;MYBL1;KAT2B;CD40;IKBKB;CHEK2;SLC25A5;HLA-DQB1;FZD6;ADCY9;APC2;AKT2;FZD9;CDKN2B;CRTC3;IL2RB;PPP3CA;ADCY1;RELB;NFKBIA;BUB3;PCNA;WNT2B;EP300;POLE3;CALR
110,Hedgehog signaling pathway Homo sapiens hsa04340,-0.45172554,-1.3307774,0.10627177,1.0,40,0.225,0.14928642,CSNK1G3;LRP2;BMP2;WNT7B;PTCH2;CSNK1A1;GLI2;RAB23;WNT2B
111,Hematopoietic cell lineage Homo sapiens hsa04640,-0.2581304,-0.76561874,0.8330579,1.0,42,0.04761905,0.007928717,EPO;EPOR
96,Glycerolipid metabolism Homo sapiens hsa00561,-0.2525323,-0.74082667,0.87606114,1.0,40,0.125,0.12361247,DGKI;MOGAT2;GK;DGKB;DGKQ
97,Glycerophospholipid metabolism Homo sapiens hsa00564,-0.22922285,-0.74317354,0.89903843,1.0,72,0.097222224,0.11500415,DGKI;LPCAT2;PEMT;PLA2G15;DGKB;DGKQ;LPCAT3
98,"Glycine, serine and threonine metabolism Homo sapiens hsa00260",0.2379475,0.7002271,0.9230769,1.0,29,0.27586207,0.14543532,CBS;PSPH;DMGDH;AOC2;GNMT;CTH;CHDH;MAOA
99,Glycolysis / Gluconeogenesis Homo sapiens hsa00010,0.39883313,1.322694,0.08430913,1.0,48,0.27083334,0.14324549,ALDH9A1;PKM;MINPP1;PDHA1;ACSS1;HK2;PGM2;LDHAL6B;TPI1;PFKP;AKR1A1;DLAT;ENO2
100,Glycosaminoglycan biosynthesis - chondroitin sulfate / dermatan sulfate Homo sapiens hsa00532,0.26313642,0.6941194,0.8609756,1.0,18,0.22222222,0.099524274,CHST15;CHPF2;DSE;CHPF
101,Glycosaminoglycan biosynthesis - heparan sulfate / heparin Homo sapiens hsa00534,0.24225754,0.68549585,0.9230769,1.0,23,0.08695652,0.040549725,HS3ST5;GLCE
102,Glycosaminoglycan degradation Homo sapiens hsa00531,-0.4166548,-0.9963338,0.44247788,1.0,14,0.42857143,0.23280224,HEXB;HYAL1;IDS;SGSH;GUSB;HYAL3
103,Glycosphingolipid biosynthesis - lacto and neolacto series Homo sapiens hsa00601,-0.30614415,-0.7479392,0.81378025,1.0,17,0.11764706,0.030129125,B4GALT4;ABO
152,NF-kappa B signaling pathway Homo sapiens hsa04064,0.29891503,1.0347065,0.3846154,1.0,64,0.265625,0.1282942,CHUK;TRAF2;TNFAIP3;BCL10;CSNK2A2;ATM;UBE2I;PLCG2;TNFSF13B;LY96;RELA;ZAP70;PRKCB;TNFRSF11A;BIRC2;BCL2;BLNK
153,NOD-like receptor signaling pathway Homo sapiens hsa04621,0.44806442,1.423258,0.0425,1.0,36,0.1388889,0.049233556,IL18;TNFAIP3;RELA;BIRC2;CASP8
154,Natural killer cell mediated cytotoxicity Homo sapiens hsa04650,-0.28150126,-0.8762009,0.69158876,1.0,57,0.2631579,0.18666466,PIK3R5;ARAF;PAK1;KRAS;NFATC1;FCER1G;CASP3;SH3BP2;MAP2K2;IFNGR1;PLCG1;FAS;VAV3;SHC4;SHC3
155,Neuroactive ligand-receptor interaction Homo sapiens hsa04080,0.21961269,0.8779463,0.82758623,1.0,145,0.2137931,0.19829343,HRH2;PARD3;GRM4;HTR2B;CGA;ADRB3;GABRG3;OPRD1;CHRNA5;PTGER4;GABRG2;P2RX3;GRIN1;GRIA2;CNR2;ADRA1B;GRM2;CHRNA9;CHRM3;ADRB2;HRH1;GPR156;GABRB1;S1PR3;GABRP;LPAR2;GABBR2;ADCYAP1R1;GRM7;GABRA2;GRIK4
156,Neurotrophin signaling pathway Homo sapiens hsa04722,-0.31525657,-1.0892385,0.30389223,1.0,101,0.23762377,0.15275995,GAB1;PIK3R5;KRAS;CRKL;MAP2K5;NTRK2;MAP3K3;AKT3;RAP1B;MAGED1;IKBKB;MAP2K2;RPS6KA6;SORT1;PLCG1;ARHGDIG;AKT2;CALM1;TP73;SHC3;MAPK9;BDNF;NFKBIA;CALM3
157,Nicotinate and nicotinamide metabolism Homo sapiens hsa00760,-0.4695282,-1.1928414,0.23873122,1.0,21,0.23809524,0.1192328,NAMPT;QPRT;NT5C;NADK2;NUDT12
158,Nicotine addiction Homo sapiens hsa05033,0.4605913,1.3814687,0.07875895,1.0,31,0.2580645,0.1283697,SLC32A1;GABRG3;GABRG2;GRIN1;GRIA2;GABRB1;GABRP;GABRA2
159,Nitrogen metabolism Homo sapiens hsa00910,0.4204487,1.0283453,0.43150684,1.0,15,0.2,0.123763494,CA4;CA1;CA5B
144,Melanoma Homo sapiens hsa05218,-0.27781767,-0.8960059,0.64903843,1.0,58,0.15517241,0.14233935,PIK3R5;ARAF;FGF8;KRAS;AKT3;E2F3;MAP2K2;AKT2;FGF14
145,Metabolism of xenobiotics by cytochrome P450 Homo sapiens hsa00980,0.3158198,0.93347234,0.5755396,1.0,30,0.23333333,0.10715095,GSTT2;GSTP1;GSTM1;CBR1;CBR3;CYP1B1;MGST1
146,MicroRNAs in cancer Homo sapiens hsa05206,0.23085073,0.8995329,0.7293729,1.0,132,0.2651515,0.21452843,RPTOR;SLC7A1;TPM1;NRAS;SIRT1;ATM;CCND2;MYC;UBE2I;PLCG2;MCL1;ITGB3;MET;EFNA3;FGFR3;SOS1;CDC25B;WNT3;HDAC1;CYP1B1;STMN1;CDCA5;PRKCB;THBS1;ABCC1;SOX4;CCNE1;ZFPM2;NFKB1;CCNG1;MDM4;BCL2;CDK6;BMPR2;PAK4
147,Mineral absorption Homo sapiens hsa04978,-0.4835537,-1.3731807,0.08139535,1.0,31,0.22580644,0.14128219,SLC11A2;SLC11A1;STEAP2;HMOX2;TRPM6;SLC26A6;ATP7A
148,Mismatch repair Homo sapiens hsa03430,0.26623145,0.71013564,0.8773585,1.0,20,0.35,0.28754812,RFC1;LIG1;MLH1;RFC4;RPA1;PMS2;POLD1
149,Morphine addiction Homo sapiens hsa05032,0.2819286,1.0063424,0.42937854,1.0,70,0.21428572,0.121649176,SLC32A1;GNG10;GNB3;GABRG3;PDE3A;GABRG2;GNB2;GNG7;PDE11A;PRKCB;PDE7B;GNG3;GABRB1;GABRP;GABRA2
150,Mucin type O-Glycan biosynthesis Homo sapiens hsa00512,0.45788658,1.2287502,0.20697674,1.0,19,0.15789473,0.028769916,B4GALT5;GALNTL6;GALNT13
151,N-Glycan biosynthesis Homo sapiens hsa00510,0.41268444,1.3316171,0.082666665,1.0,41,0.24390244,0.14105566,STT3B;ST6GAL2;MGAT5;ALG9;MAN1C1;MAN2A1;DOLPP1;DPAGT1;MGAT4A;RPN2
136,Longevity regulating pathway - multiple species Homo sapiens hsa04213,0.23723355,0.83143824,0.7903226,1.0,53,0.18867925,0.14309447,RPTOR;PRKAB1;PIK3CB;SIRT1;PRKAA2;PRKAA1;PIK3R3;PRKAG1;FOXO1;INSR
137,Lysine degradation Homo sapiens hsa00310,0.18683039,0.5747724,0.9878641,1.0,36,0.083333336,0.08917919,ALDH9A1;ASH1L;GCDH
138,Lysosome Homo sapiens hsa04142,-0.3309879,-1.1457288,0.2189781,1.0,101,0.33663365,0.23280224,CTSZ;DNASE2;MCOLN1;CLTA;GLA;SLC11A2;CLN5;HEXB;ATP6V0D1;LAMP1;SLC11A1;CTSW;HYAL1;AP3S2;IDS;SGSH;GALC;AP3B2;CD63;TCIRG1;SORT1;PLA2G15;AP1S1;CLN3;AP3D1;M6PR;GUSB;FUCA1;GNPTG;CD164;MAN2B1;ASAH1;PPT1;ATP6V0B
139,MAPK signaling pathway Homo sapiens hsa04010,0.2257651,0.94148487,0.65505224,1.0,207,0.20772947,0.18100129,MAP4K3;RRAS;CHUK;FGF5;TRAF2;DUSP10;FGFR1;CDC42;MAP4K4;TGFB1;TGFBR1;CACNA1D;MYC;BRAF;MAPKAPK5;MAP3K11;RASA2;FGF4;RASA1;FLNA;PRKACA;FGF2;IL1A;PLA2G4A;RELA;NTF4;RPS6KA2;FGFR3;SOS1;TAOK2;CDC25B;ELK1;NLK;STMN1;PRKCB;MAP3K12;RRAS2;FLNB;RAC2;PPM1B;CACNG2;PPP3CC;NF1
140,Malaria Homo sapiens hsa05144,-0.29789644,-0.7890271,0.76740235,1.0,25,0.2,0.14634146,PECAM1;THBS2;SDC1;CD40;TLR4
141,Maturity onset diabetes of the young Homo sapiens hsa04950,-0.60867286,-1.5404915,0.036777582,1.0,17,0.1764706,0.034282263,FOXA3;PAX6;NR5A2
142,Measles Homo sapiens hsa05162,-0.24687722,-0.83318657,0.775,1.0,84,0.15476191,0.14037605,PIK3R5;JAK3;EIF2AK4;AKT3;STAT1;STAT5B;HSPA1L;IFNGR1;TLR4;AKT2;TP73;IL2RB;NFKBIA
143,Melanogenesis Homo sapiens hsa04916,-0.32690093,-1.1003414,0.2836767,1.0,80,0.3,0.25892925,GNAS;MAP2K1;LEF1;CREB3;GNAI1;FZD10;ADCY8;KRAS;KIT;CREB1;WNT7B;ADCY3;GNAO1;MAP2K2;FZD6;ADCY9;FZD9;CALM1;PLCB4;ADCY1;CALM3;WNT2B;EP300;MAPK1
128,Jak-STAT signaling pathway Homo sapiens hsa04630,-0.31790754,-1.0846088,0.3062787,1.0,96,0.13541667,0.10027939,EPO;PIK3R5;IL20RB;JAK3;AKT3;STAT1;STAT5B;IL11;STAT4;AKT2;IL2RB;PIAS3;EPOR
129,Legionellosis Homo sapiens hsa05134,-0.36992517,-1.0585731,0.37878788,1.0,35,0.34285715,0.14037605,RAB1A;BNIP3;SAR1B;CASP3;CASP9;HSPA1L;HBS1L;CLK1;SEC22B;NLRC4;TLR4;NFKBIA
130,Leishmaniasis Homo sapiens hsa05140,-0.25713968,-0.7687601,0.8435055,1.0,44,0.20454545,0.16144378,NCF2;ITGA4;TAB1;HLA-DMB;STAT1;IFNGR1;TLR4;ITGB1;NFKBIA
131,Leukocyte transendothelial migration Homo sapiens hsa04670,0.25448784,0.9396255,0.6080692,1.0,84,0.1904762,0.14309447,MYL7;VASP;ACTN4;PIK3CB;CDC42;MYL9;PLCG2;PTK2;CLDN11;PIK3R3;F11R;SIPA1;PTPN11;PRKCB;RAC2;RASSF5
132,Linoleic acid metabolism Homo sapiens hsa00591,0.30364436,0.7200498,0.84382284,1.0,12,0.25,0.23680435,PLB1;PLA2G4A;CYP2J2
133,Long-term depression Homo sapiens hsa04730,-0.4071788,-1.2413929,0.15492958,1.0,46,0.26086956,0.16393566,CACNA1A;GNAI1;ARAF;LYN;KRAS;RYR1;GNAO1;GUCY1A2;GNA13;MAP2K2;ITPR3;PLCB4
134,Long-term potentiation Homo sapiens hsa04720,-0.35536072,-1.1008255,0.30441898,1.0,51,0.3529412,0.26300687,ITPR2;GRM1;MAP2K1;ARAF;ADCY8;KRAS;RAP1B;PPP1R1A;MAP2K2;RPS6KA6;ITPR3;CALM1;PLCB4;PPP3CA;ADCY1;CALM3;EP300;MAPK1
135,Longevity regulating pathway - mammal Homo sapiens hsa04211,0.26833093,0.97878003,0.46239555,1.0,77,0.3116883,0.21671827,SESN2;RPTOR;PRKAB1;NRAS;PIK3CB;SIRT1;PRKAA2;EIF4EBP1;PRKAA1;EIF4E2;PIK3R3;CREB3L4;PRKACA;EHMT1;RELA;PIK3CD;ADIPOR1;PRKAG1;ATF4;FOXO1;INSR;NFKB1;ATG101;ATF2
184,Pertussis Homo sapiens hsa05133,-0.20378843,-0.6112189,0.9805195,1.0,44,0.18181819,0.12504719,GNAI1;C2;CASP3;TLR4;CALM1;ITGB1;MAPK9;CALM3
185,Phagosome Homo sapiens hsa04145,-0.20776252,-0.70974356,0.96130955,1.0,93,0.23655914,0.20576909,NCF2;THBS2;SCARB1;DYNC1I1;HLA-DMB;ATP6V0D1;TUBA1B;CYBA;RAB5B;SEC22B;HLA-DQB1;ATP6V1D;TCIRG1;TLR4;TAP1;ATP6V1A;M6PR;ITGB1;TUBA1A;ACTG1;ATP6V0B;CALR
186,Phenylalanine metabolism Homo sapiens hsa00360,-0.32718655,-0.6941894,0.84153,1.0,9,0.22222222,0.13116363,ALDH3B1;ALDH1A3
187,Phosphatidylinositol signaling system Homo sapiens hsa04070,-0.3393633,-1.132767,0.24770643,1.0,78,0.17948718,0.12006343,PIK3R5;PLCD4;DGKI;IPPK;IP6K1;PLCG1;PIP5K1C;ITPR3;CALM1;IMPA2;PLCB4;DGKB;CALM3;DGKQ
188,Phospholipase D signaling pathway Homo sapiens hsa04072,-0.32953373,-1.1620008,0.20059435,1.0,115,0.22608696,0.1908933,GAB1;PIK3R5;GRM6;GRM1;DGKI;KRAS;FCER1G;KIT;AKT3;CXCR2;AGPAT1;EGF;GNA13;MAP2K2;ADCY9;PLCG1;PIP5K1C;AKT2;PLCB4;ARF6;SHC4;DGKB;SHC3;ADCY1;DNM2;DGKQ
189,Phototransduction Homo sapiens hsa04744,0.30096826,0.7750133,0.7839806,1.0,15,0.26666668,0.1752624,CNGA1;GUCA1B;SAG;GUCA1A
190,Platelet activation Homo sapiens hsa04611,-0.27399668,-0.9371119,0.56842107,1.0,94,0.20212767,0.15404364,PIK3R5;GNAI1;LYN;PRKCI;FCER1G;AKT3;RAP1B;GUCY1A2;GNA13;ARHGAP35;RASGRP2;ADCY9;AKT2;ITPR3;APBB1IP;PLCB4;ITGB1;ACTG1;ROCK2
191,Porphyrin and chlorophyll metabolism Homo sapiens hsa00860,-0.65076715,-1.6276102,0.019469026,1.0,19,0.36842105,0.19383825,EARS2;FECH;UROS;ALAD;HMOX2;ALAS1;GUSB
176,Pancreatic secretion Homo sapiens hsa04972,-0.33336502,-1.06224,0.3474843,1.0,59,0.3898305,0.32145286,GNAS;ITPR2;CPA2;SLC12A2;ATP2A2;ADCY8;KCNQ1;ATP2A3;ATP2B3;ADCY3;RYR2;RAP1B;RAB8A;RHOA;TRPC1;SLC9A1;ADCY5;ADCY9;ITPR3;SCTR;PLCB4;ATP2A1;ADCY1
177,Pantothenate and CoA biosynthesis Homo sapiens hsa00770,-0.38205883,-0.90943396,0.59444445,1.0,15,0.26666668,0.14581288,DPYD;BCAT1;DPYS;VNN1
178,Parkinson's disease Homo sapiens hsa05012,-0.32625452,-1.1357061,0.23565891,1.0,95,0.16842106,0.12957789,GNAI1;NDUFB6;NDUFS2;PPIF;COX7B;CASP3;NDUFV3;CASP9;NDUFA5;NDUFS6;UQCR11;SDHC;NDUFA11;NDUFB8;NDUFB4;COX7A2
179,Pathogenic Escherichia coli infection Homo sapiens hsa05130,-0.22955124,-0.6958483,0.92241377,1.0,46,0.13043478,0.1029223,TUBA1B;TLR4;ITGB1;TUBA1A;ACTG1;ROCK2
180,Pathways in cancer Homo sapiens hsa05200,-0.2381542,-0.947267,0.62516385,1.0,336,0.15476191,0.1550253,PIK3R5;GNAI1;ERBB2;FZD10;VEGFA;ARAF;FGF8;KRAS;CRKL;DAPK2;RUNX1T1;BMP2;EPAS1;CUL2;KIT;WNT7B;AKT3;PTCH2;RARB;NCOA4;TRAF5;STAT1;CASP3;E2F3;STAT5B;CASP9;EGLN2;GNA13;MECOM;GLI2;IKBKB;MAP2K2;GNB5;CTNNA1;RASGRP2;STK4;ADCY9;PLCG1;MMP9;AKT2;PGF;PLCB4;BDKRB1;ITGB1;FGF14;BIRC3;GNG2;MAPK9;CTBP1;NFKBIA;ROCK2;WNT2B
181,Pentose and glucuronate interconversions Homo sapiens hsa00040,-0.22049442,-0.5160152,0.978456,1.0,14,0.21428572,0.17299706,RPE;GUSB;KL
182,Pentose phosphate pathway Homo sapiens hsa00030,-0.25473624,-0.7039782,0.89152545,1.0,25,0.24,0.15646002,ALDOA;PGLS;RPE;RBKS;PGM1;DERA
183,Peroxisome Homo sapiens hsa04146,-0.35779965,-1.1867269,0.19747235,1.0,74,0.3243243,0.22502454,PEX2;PEX1;MPV17L;MPV17L2;SOD1;PEX7;HAO1;PEX6;HMGCLL1;PEX3;MLYCD;ABCD1;PHYH;DECR2;PEX19;PIPOX;DDO;NUDT12;PEX12;HSD17B4;ACSL1;PEX10;CRAT;PRDX5
168,Other glycan degradation Homo sapiens hsa00511,-0.6649851,-1.4984611,0.043243244,1.0,11,0.6363636,0.25228423,FUCA2;GBA2;NEU3;HEXB;FUCA1;MAN2B1;MAN2B2
169,Other types of O-glycan biosynthesis Homo sapiens hsa00514,0.2468612,0.7148467,0.9046455,1.0,26,0.07692308,0.05270709,FUT9;ST3GAL3
170,Ovarian steroidogenesis Homo sapiens hsa04913,0.15984447,0.5077046,1.0,1.0,37,0.24324325,0.23680435,BMP6;CGA;HSD17B7;PRKACA;PLA2G4A;CYP2J2;CYP1B1;INSR;PRKACB
171,Oxidative phosphorylation Homo sapiens hsa00190,-0.3193999,-1.088192,0.318323,1.0,89,0.25842696,0.21362229,NDUFB7;NDUFA8;NDUFB6;NDUFS2;SDHB;PPA1;COX7B;ATP6V0D1;NDUFV3;NDUFS5;ATP6V1D;NDUFA5;TCIRG1;NDUFS6;UQCR11;NDUFC2;ATP6V1A;SDHC;NDUFA11;NDUFB8;NDUFB4;ATP6V0B;COX7A2
172,Oxytocin signaling pathway Homo sapiens hsa04921,-0.23949586,-0.85136884,0.77372265,1.0,126,0.31746033,0.27184173,GNAS;ITPR2;PIK3R5;MAP2K1;GNAI1;ADCY8;KCNJ3;KRAS;NFATC1;MAP2K5;CACNB3;ADCY3;RYR2;RYR1;GNAO1;EEF2K;GUCY1A2;KCNJ9;JUN;ACTB;RYR3;MAP2K2;PIK3R1;RHOA;ADCY9;CAMK1G;KCNJ14;PLA2G4C;CAMKK2;ITPR3;CAMKK1;CALM1;CACNG7;PLCB4;PPP3CA;ADCY1;ACTG1;CALM3;ROCK2;MAPK1
173,PI3K-Akt signaling pathway Homo sapiens hsa04151,0.29155415,1.23793,0.025316456,1.0,265,0.19245283,0.15094768,PPP2R5B;CHUK;RPTOR;COL2A1;MYB;FGF5;RELN;PPP2R5C;GNG10;RBL2;LAMA5;PIK3CB;PKN3;GNB3;FGFR1;CCND2;PPP2R5A;PRKAA2;MYC;PRKAA1;PTK2;PPP2R1B;FGF4;PIK3R3;CREB3L4;GNB2;ITGB4;MET;FGF2;RELA;GNG7;FGFR3;SOS1;OSMR;NOS3;THBS1;LAMB3;SGK2;ITGA6;YWHAE;GNG3;COL1A1;CCNE1;ANGPT1;INSR;VEGFB;EFNA5;GYS1;SGK1;BCL2;CDK6
174,PPAR signaling pathway Homo sapiens hsa03320,-0.19460982,-0.6001117,0.984,1.0,45,0.22222222,0.23484105,APOA1;PLTP;FABP3;ANGPTL4;FADS2;GK;ACSL1;PLIN1;UBC;DBI
175,Pancreatic cancer Homo sapiens hsa05212,-0.23689292,-0.75504297,0.88114107,1.0,61,0.19672132,0.1550253,PIK3R5;ERBB2;VEGFA;ARAF;KRAS;AKT3;STAT1;E2F3;CASP9;IKBKB;AKT2;MAPK9
160,Non-alcoholic fatty liver disease (NAFLD) Homo sapiens hsa04932,-0.26274297,-0.94070464,0.57994187,1.0,123,0.17073171,0.12957789,PIK3R5;NDUFB6;MLX;NDUFS2;AKT3;COX7B;CASP3;NDUFV3;IKBKB;NDUFA5;NDUFS6;UQCR11;AKT2;SDHC;NDUFA11;NDUFB8;ERN1;NDUFB4;MAPK9;GSK3A;COX7A2
161,Non-small cell lung cancer Homo sapiens hsa05223,-0.38821676,-1.1903167,0.21262458,1.0,48,0.25,0.14535981,PIK3R5;ERBB2;ARAF;KRAS;AKT3;RARB;E2F3;CASP9;MAP2K2;STK4;PLCG1;AKT2
162,Notch signaling pathway Homo sapiens hsa04330,0.35344082,1.137614,0.24875621,1.0,44,0.1590909,0.093256816,PTCRA;MAML3;NUMBL;DVL3;CIR1;MAML1;APH1B
163,Nucleotide excision repair Homo sapiens hsa03420,-0.22646911,-0.6659154,0.9408784,1.0,38,0.42105263,0.30989957,ERCC4;GTF2H5;RFC3;RAD23A;ERCC2;CDK7;CCNH;ERCC3;ERCC1;CETN2;ERCC8;PCNA;RFC5;RPA2;POLE3;ERCC6
164,Olfactory transduction Homo sapiens hsa04740,-0.36685434,-1.1063017,0.3072,1.0,45,0.31111112,0.22842257,ARRB1;OR2V2;PDE1C;OR7D4;ADCY3;OR8D2;OR6C70;SLC8A2;OR8D4;OR4D11;OR5AU1;CALM1;SLC8A3;CALM3
165,One carbon pool by folate Homo sapiens hsa00670,-0.42607227,-1.0013493,0.48122868,1.0,14,0.35714287,0.2390697,MTHFD2L;DHFR;AMT;ALDH1L1;MTHFD2
166,Oocyte meiosis Homo sapiens hsa04114,-0.23293339,-0.78836256,0.8687023,1.0,92,0.18478261,0.15925394,MAD2L1;CDK1;REC8;CDC23;ANAPC11;ANAPC2;CDC25C;PPP2R5E;YWHAH;YWHAG;SPDYA;RPS6KA6;ADCY9;ITPR3;CALM1;SMC1B;CALM3
167,Osteoclast differentiation Homo sapiens hsa04380,-0.24671482,-0.833248,0.76,1.0,92,0.17391305,0.14822926,PIK3R5;MAP2K6;NCF2;NFATC1;TAB1;CREB1;AKT3;STAT1;IKBKB;IFNGR1;TNFSF11;AKT2;MAPK9;RELB;NFKBIA;SQSTM1
216,Regulation of lipolysis in adipocytes Homo sapiens hsa04923,-0.2609289,-0.7851343,0.80775446,1.0,44,0.29545453,0.27184173,GNAS;PIK3R5;GNAI1;ADCY8;AKT3;ADCY3;PIK3R1;ADCY9;AKT2;ADCY1;ADORA1;PDE3B;PLIN1
217,Renal cell carcinoma Homo sapiens hsa05211,-0.45158052,-1.4110402,0.0543131,1.0,55,0.25454545,0.1550253,GAB1;PIK3R5;VEGFA;ARAF;PAK1;KRAS;CRKL;EPAS1;CUL2;AKT3;RAP1B;EGLN2;MAP2K2;AKT2
218,Renin secretion Homo sapiens hsa04924,-0.25765002,-0.77859324,0.82428116,1.0,42,0.33333334,0.26300687,GNAS;ITPR2;GNAI1;PDE1C;CREB1;GUCY1A2;ORAI1;ITPR3;CALM1;PLCB4;PPP3CA;ADORA1;PDE3B;CALM3
219,Renin-angiotensin system Homo sapiens hsa04614,-0.4767117,-1.1250287,0.31382978,1.0,14,0.35714287,0.2228347,KLK1;ATP6AP2;PREP;NLN;THOP1
220,Retinol metabolism Homo sapiens hsa00830,0.6247483,1.6451964,0.011682243,1.0,18,0.22222222,0.0781545,CYP26B1;RDH5;RDH10;DGAT1
221,Retrograde endocannabinoid signaling Homo sapiens hsa04723,0.25232443,0.91429657,0.6627907,1.0,78,0.1923077,0.121649176,SLC32A1;GNG10;GNB3;ABHD6;GABRG3;CACNA1D;GABRG2;GNB2;GRIA2;GNG7;PRKCB;GNG3;GABRB1;GABRP;GABRA2
222,Rheumatoid arthritis Homo sapiens hsa05323,-0.24514969,-0.75659037,0.87261146,1.0,53,0.28301886,0.21875708,VEGFA;HLA-DMB;ATP6V0D1;CSF1;TNFSF13;IL11;HLA-DQB1;ATP6V1D;TCIRG1;TNFSF11;TLR4;IL23A;ATP6V1A;CD80;ATP6V0B
223,Ribosome Homo sapiens hsa03010,0.260317,0.9705332,0.54473686,1.0,89,0.23595506,0.16099072,RPS7;MRPS11;RPS15A;MRPS10;MRPS15;RPL22L1;MRPL30;RPL22;MRPL9;RPL29;MRPL3;MRPS14;FAU;RPL9;MRPL11;RPL27;RPL6;UBA52;RPS15;MRPL19;MRPL23
208,RIG-I-like receptor signaling pathway Homo sapiens hsa04622,0.40050095,1.2797321,0.12868632,1.0,38,0.18421052,0.0957487,CHUK;TRAF2;DDX3X;IKBKE;RELA;IFIH1;CASP8
209,RNA degradation Homo sapiens hsa03018,-0.2666131,-0.8509147,0.7090352,1.0,62,0.43548387,0.32590804,HSPA9;EXOSC9;PFKL;TOB2;DDX6;BTG1;LSM8;LSM6;CNOT1;PABPC4;EXOSC3;EXOSC5;XRN1;PNPT1;DCP2;NUDT16;DHX36;LSM5;MPHOSPH6;CNOT6L;EXOSC8;CNOT6;DCP1B;LSM7;CNOT4;EXOSC2;DIS3L
210,RNA polymerase Homo sapiens hsa03020,-0.4596237,-1.2239906,0.21070811,1.0,24,0.41666666,0.2143019,POLR3K;POLR1E;POLR1C;POLR2C;POLR1B;POLR3D;POLR2E;POLR3F;POLR3H;POLR3B
211,RNA transport Homo sapiens hsa03013,0.24028465,0.9214548,0.6563574,1.0,130,0.2769231,0.21913464,EIF4G2;NUP93;EIF3E;NCBP1;POP1;NUP133;MAGOH;NUP37;KPNB1;UPF1;AAAS;POM121;EIF3D;GEMIN6;UBE2I;EIF4EBP1;PHAX;NUP88;EIF4E2;EIF1B;EIF4A3;EIF2B1;NUP62;ELAC2;NUP43;NUP160;TPR;NUP155;THOC2;THOC5;EIF2B3;FXR2;NXT1;SENP2;RPP25;PAIP1
212,Rap1 signaling pathway Homo sapiens hsa04015,-0.2108452,-0.7901313,0.9229651,1.0,178,0.18539326,0.17798083,PIK3R5;GNAI1;VEGFA;MAGI2;FGF8;MAP2K6;KRAS;PRKCI;CRKL;KIT;AKT3;GNAO1;PRKD3;RAP1B;EGF;CSF1;MAP2K2;RASGRP2;ADCY9;PLCG1;AKT2;PGF;CALM1;APBB1IP;PLCB4;BCAR1;ITGB1;FGF14;ADCY1;ACTG1;SIPA1L1;CALM3;MAGI3
213,Ras signaling pathway Homo sapiens hsa04014,0.26170903,1.0903399,0.23322684,1.0,185,0.2054054,0.15623347,PLA1A;RRAS;CHUK;FGF5;GNG10;PIK3CB;GNB3;FGFR1;PLD2;CDC42;RASA4B;PLCG2;RASA2;FGF4;RASA1;PIK3R3;GRIN1;GNB2;ABL2;MET;FGF2;PLA2G4A;RELA;GNG7;FGFR3;ZAP70;SOS1;PTPN11;PRKCB;BRAP;RRAS2;GNG3;ANGPT1;INSR;VEGFB;RAC2;RASSF5;EFNA5
214,Regulation of actin cytoskeleton Homo sapiens hsa04810,-0.23718195,-0.8755711,0.74563956,1.0,169,0.112426035,0.113720454,PIK3R5;ARAF;FGF8;ITGB6;CRKL;RDX;LIMK2;ARHGAP35;ITGA10;MAP2K2;NCKAP1;DIAPH2;PIP5K1C;BDKRB1;BCAR1;ITGB1;FGF14;ACTG1;ROCK2
215,Regulation of autophagy Homo sapiens hsa04140,0.4158908,1.1125094,0.30232558,1.0,18,0.22222222,0.11341841,ATG7;PRKAA2;PRKAA1;ATG4C
200,Protein digestion and absorption Homo sapiens hsa04974,-0.26945397,-0.860098,0.6905132,1.0,60,0.15,0.15026806,CPA2;KCNQ1;COL11A2;SLC15A1;MEP1B;COL6A5;SLC3A2;SLC3A1;SLC8A3
201,Protein export Homo sapiens hsa03060,-0.3297567,-0.86481076,0.6271777,1.0,21,0.14285715,0.06222155,OXA1L;HSPA5;SEC11C
202,Protein processing in endoplasmic reticulum Homo sapiens hsa04141,-0.21083623,-0.76119417,0.9390421,1.0,140,0.13571429,0.14249037,MBTPS2;UGGT1;HSPA5;EIF2AK4;SAR1B;RPN1;RAD23A;HSPA1L;GANAB;UBXN6;HSPA4L;SEC31A;BAG1;SEC24D;BAK1;ERN1;MAPK9;BAG2;CAPN2
203,Proteoglycans in cancer Homo sapiens hsa05205,-0.2875547,-1.0754794,0.29737207,1.0,167,0.1736527,0.14233935,ANK3;GAB1;PIK3R5;ERBB2;FZD10;ARAF;IGF2;PAK1;KRAS;WNT7B;AKT3;SDC1;RDX;CASP3;ERBB3;MAP2K2;TLR4;PLCG1;MMP9;AKT2;ITPR3;TIMP3;CAV1;ITGB1;DROSHA;DCN;ACTG1;ROCK2;WNT2B
204,Proximal tubule bicarbonate reclamation Homo sapiens hsa04964,0.39950877,1.03896,0.3773585,1.0,16,0.1875,0.123763494,CA4;SLC25A10;SLC4A4
205,Purine metabolism Homo sapiens hsa00230,0.22422118,0.87803817,0.79141104,1.0,131,0.129771,0.10194065,ENTPD5;PKM;PNP;DGUOK;AK5;PDE3A;PGM2;AK8;NT5M;POLR2K;POLE;PDE9A;PDE11A;PDE7B;AK1;POLR2L;POLR2F
206,Pyrimidine metabolism Homo sapiens hsa00240,-0.30530015,-1.0219857,0.41889763,1.0,83,0.22891566,0.15124972,CTPS1;POLR3K;POLR1E;POLR1C;POLR2C;DPYD;POLR1B;UCK1;PRIM2;POLR3D;DPYS;TXNRD3;NT5C;TK1;POLR3F;UPP2;UMPS;POLR3B;POLE3
207,Pyruvate metabolism Homo sapiens hsa00620,0.44401848,1.300064,0.10454545,1.0,29,0.27586207,0.14060259,ALDH9A1;PKM;PDHA1;ACSS1;MDH2;LDHAL6B;LDHD;DLAT
192,Primary bile acid biosynthesis Homo sapiens hsa00120,-0.50943327,-1.1618521,0.29642856,1.0,12,0.33333334,0.24511063,ACOT8;CYP7B1;CYP39A1;HSD17B4
193,Primary immunodeficiency Homo sapiens hsa05340,-0.45930892,-1.2004286,0.21452703,1.0,22,0.18181819,0.06275013,JAK3;CD40;TAP1;CD79A
194,Prion diseases Homo sapiens hsa05020,0.3151907,0.8686842,0.6566125,1.0,23,0.3478261,0.20818545,PRKACA;IL1A;STIP1;ELK1;FYN;PRNP;C7;LAMC1
195,Progesterone-mediated oocyte maturation Homo sapiens hsa04914,-0.31219733,-1.0063397,0.433281,1.0,70,0.22857143,0.15925394,PIK3R5;MAD2L1;GNAI1;CDK1;ARAF;KRAS;CDC23;ANAPC11;ANAPC2;CDC25C;AKT3;SPDYA;RPS6KA6;ADCY9;AKT2;MAPK9
196,Prolactin signaling pathway Homo sapiens hsa04917,-0.2286438,-0.73434716,0.90430623,1.0,58,0.1724138,0.15275995,PIK3R5;KRAS;AKT3;STAT1;STAT5B;MAP2K2;TNFSF11;AKT2;SHC3;MAPK9
197,Propanoate metabolism Homo sapiens hsa00640,0.38022164,1.1199107,0.29508197,1.0,28,0.14285715,0.07445443,SUCLG1;ACSS1;LDHAL6B;PCCB
198,Prostate cancer Homo sapiens hsa05215,0.24120335,0.887045,0.70170456,1.0,80,0.15,0.14838028,CHUK;PIK3CB;FGFR1;BRAF;GSTP1;PIK3R3;CREB3L4;RELA;SOS1;FOXO1;CCNE1;BCL2
199,Proteasome Homo sapiens hsa03050,-0.33686206,-0.9837459,0.48039216,1.0,39,0.025641026,0.00030204636,PSMC5
56,Cocaine addiction Homo sapiens hsa05030,0.29718786,0.9668633,0.5086849,1.0,41,0.36585367,0.26738656,PDYN;SLC18A1;GRIN1;CREB3L4;PRKACA;GRIA2;RELA;GRM2;MAOB;ATF4;MAOA;NFKB1;CREB3L1;ATF2;PRKACB
57,Collecting duct acid secretion Homo sapiens hsa04966,-0.30441928,-0.74122053,0.79518074,1.0,18,0.2777778,0.18802387,ATP6V0D1;ATP6V1D;TCIRG1;ATP6V1A;SLC12A7
58,Colorectal cancer Homo sapiens hsa05210,0.2364273,0.8075331,0.82479787,1.0,58,0.0862069,0.071282946,TGFBR1;MLH1;MYC;RAC2;BCL2
59,Complement and coagulation cascades Homo sapiens hsa04610,0.30826697,0.9559157,0.535109,1.0,40,0.225,0.14777619,CFI;CD55;CLU;F8;F5;KNG1;SERPING1;C7;PLAUR
60,Cysteine and methionine metabolism Homo sapiens hsa00270,0.39531147,1.2185814,0.16120906,1.0,33,0.27272728,0.16521937,CBS;ENOPH1;MDH2;LDHAL6B;IL4I1;CTH;SRM;GCLC;MTR
61,Cytokine-cytokine receptor interaction Homo sapiens hsa04060,-0.2693088,-0.9645578,0.5281385,1.0,134,0.20149253,0.18930756,EPO;VEGFA;IL20RB;CCL27;TNFSF9;TNFRSF21;TNFRSF19;BMP2;CCL28;INHBA;KIT;TNFRSF9;CXCR2;EGF;CSF1;TNFSF13;IL11;CD40;TNFRSF14;IFNGR1;TNFSF11;FAS;CD27;CSF2RA;IL2RB;CCR7;EPOR
62,Cytosolic DNA-sensing pathway Homo sapiens hsa04623,0.3068258,0.95199794,0.5254237,1.0,34,0.23529412,0.09786302,CHUK;IL18;IL33;IKBKE;POLR2K;RELA;POLR2L;POLR2F
63,DNA replication Homo sapiens hsa03030,-0.31961358,-0.8916848,0.6571906,1.0,32,0.40625,0.33715925,FEN1;MCM7;SSBP1;PRIM2;RFC2;POLD4;RFC3;MCM4;MCM5;PCNA;RFC5;RPA2;POLE3
48,Chemical carcinogenesis Homo sapiens hsa05204,-0.29881155,-0.84709513,0.684669,1.0,32,0.125,0.055349994,GSTM2;GSTM4;ALDH1A3;GSTM3
49,Chemokine signaling pathway Homo sapiens hsa04062,-0.35246196,-1.22788,0.12068965,1.0,119,0.2857143,0.18930756,PIK3R5;GNAI1;GRK5;CCL27;LYN;ARRB1;PAK1;KRAS;CRKL;JAK3;CCL28;AKT3;ELMO1;CXCR2;RAP1B;STAT1;STAT5B;IKBKB;GNB5;RASGRP2;ADCY9;AKT2;FGR;PLCB4;VAV3;BCAR1;SHC4;GNG2;SHC3;CCR7;ADCY1;NFKBIA;GSK3A;ROCK2
50,Choline metabolism in cancer Homo sapiens hsa05231,-0.32108536,-1.0762916,0.32826748,1.0,84,0.13095239,0.112361245,PIK3R5;SLC5A7;DGKI;AKT3;MAP2K2;PLCG1;PIP5K1C;AKT2;DGKB;MAPK9;DGKQ
51,Cholinergic synapse Homo sapiens hsa04725,-0.29028887,-0.95817196,0.53435117,1.0,85,0.24705882,0.17798083,PIK3R5;CACNA1A;GNAI1;SLC5A7;KCNQ2;KCNQ1;KCNJ3;KCNQ5;KRAS;CREB1;AKT3;GNAO1;CACNA1B;GNB5;ADCY9;AKT2;ITPR3;PLCB4;GNG2;ADCY1;KCNQ4
52,Chronic myeloid leukemia Homo sapiens hsa05220,-0.3200996,-1.0601472,0.36817473,1.0,66,0.18181819,0.10027939,PIK3R5;ARAF;CRKL;AKT3;E2F3;STAT5B;MECOM;IKBKB;MAP2K2;AKT2;CTBP1;NFKBIA
53,Circadian entrainment Homo sapiens hsa04713,-0.3128264,-1.0128218,0.43030304,1.0,72,0.2361111,0.17798083,GNAI1;KCNJ3;CREB1;RYR2;RYR1;GNAO1;GUCY1A2;GRIA4;CACNA1G;GNB5;ADCY9;ITPR3;CALM1;PLCB4;GNG2;ADCY1;CALM3
54,Circadian rhythm Homo sapiens hsa04710,0.36228988,1.0575198,0.3802469,1.0,25,0.28,0.16265197,PRKAB1;NPAS2;PRKAA2;PRKAA1;PRKAG1;BTRC;PER3
55,Citrate cycle (TCA cycle) Homo sapiens hsa00020,0.3301732,0.9455745,0.5520362,1.0,24,0.29166666,0.14294344,SUCLG1;OGDH;PDHA1;MDH2;ACO1;IDH1;DLAT
40,Calcium signaling pathway Homo sapiens hsa04020,-0.28987905,-1.0397447,0.3791541,1.0,129,0.31007752,0.2565884,GNAS;TNNC2;GRM1;PHKB;CACNA1A;ERBB2;ATP2A2;PLCD4;ADCY8;PPIF;PDE1C;HTR4;ERBB4;ADCY3;RYR2;RYR1;ORAI1;CACNA1G;RYR3;SLC8A2;CACNA1B;ERBB3;SLC25A5;P2RX1;LTB4R2;SPHK2;ORAI2;ADCY9;PLCG1;ITPR3;CALM1;PLCB4;BDKRB1;ATP2A1;PPP3CA;GNA15;ADCY1;P2RX7;SLC8A3;CALM3
41,Carbohydrate digestion and absorption Homo sapiens hsa04973,-0.24157852,-0.6630932,0.9338983,1.0,28,0.14285715,0.13886581,PIK3R5;SLC37A4;AKT3;AKT2
42,Carbon metabolism Homo sapiens hsa01200,0.2800594,1.0168768,0.41712707,1.0,83,0.19277108,0.14324549,PSPH;SUCLG1;OGDH;PKM;PDHA1;ACSS1;MDH2;HK2;TPI1;ACO1;IDH1;TKT;PCCB;PFKP;DLAT;ENO2
43,Cardiac muscle contraction Homo sapiens hsa04260,0.1745013,0.5989523,0.99522674,1.0,60,0.35,0.2873216,CACNB4;MYH6;TPM1;CACNA1D;UQCRB;UQCRHL;COX6B1;SLC9A6;CYC1;COX6A1;COX6C;UQCRQ;ACTC1;COX6B2;UQCR10;COX7B2;TPM4;ATP1A1;CACNG2;TNNC1;UQCRC2
44,Cell adhesion molecules (CAMs) Homo sapiens hsa04514,-0.23283169,-0.7925519,0.8512,1.0,86,0.1627907,0.16144378,PECAM1;ITGA4;CLDN3;SELPLG;SDC1;HLA-DMB;NRCAM;CD40;CLDN6;NRXN2;CD80;ITGB1;GLG1;CD274
45,Cell cycle Homo sapiens hsa04110,-0.22798055,-0.7904061,0.8788774,1.0,108,0.19444445,0.16083969,CDC6;MAD2L1;TTK;CDK1;CDC23;ANAPC11;ANAPC2;CDC25C;YWHAH;YWHAG;E2F3;CDK7;MCM4;MCM5;CCNH;ORC2;TFDP2;E2F5;CDKN2D;SMC1B;BUB3
46,Central carbon metabolism in cancer Homo sapiens hsa05230,0.3484804,1.1930714,0.17158177,1.0,55,0.36363637,0.21452843,NTRK3;NRAS;PIK3CB;FGFR1;PKM;PDHA1;FLT3;MYC;HIF1A;HK2;PIK3R3;MET;IDH1;PGAM4;PIK3CD;SLC2A2;FGFR3;PFKP;SIRT6;SLC1A5
47,Chagas disease (American trypanosomiasis) Homo sapiens hsa05142,-0.2833914,-0.91550404,0.6121212,1.0,70,0.21428572,0.13010646,PIK3R5;SERPINE1;GNAI1;PPP2R2B;AKT3;GNAO1;IKBKB;IFNGR1;TLR4;AKT2;CFLAR;PLCB4;MAPK9;GNA15;NFKBIA
32,Basal cell carcinoma Homo sapiens hsa05217,-0.33690313,-1.0317501,0.3880342,1.0,47,0.25531915,0.2411085,LEF1;FZD10;BMP2;WNT7B;PTCH2;BMP4;GLI2;HHIP;FZD6;APC2;FZD9;WNT2B
33,Basal transcription factors Homo sapiens hsa03022,-0.30553523,-0.87705445,0.67147434,1.0,36,0.25,0.16529487,TAF5;GTF2B;ERCC2;CDK7;GTF2F1;CCNH;TAF4B;GTF2E2;GTF2A1L
34,Base excision repair Homo sapiens hsa03410,-0.30816865,-0.8513287,0.686747,1.0,28,0.25,0.20003021,FEN1;POLB;NEIL2;OGG1;PARP2;PCNA;POLE3
35,Bile secretion Homo sapiens hsa04976,-0.26011667,-0.77934813,0.82012194,1.0,43,0.30232558,0.30529335,GNAS;HMGCR;ADCY8;KCNN2;SCARB1;ADCY3;SLC9A1;LDLR;ADCY5;SLC51A;ADCY9;SCTR;ADCY1
36,Biosynthesis of amino acids Homo sapiens hsa01230,0.34856644,1.181815,0.17412935,1.0,52,0.23076923,0.14324549,CBS;PSPH;PKM;TPI1;ACO1;PYCR2;IDH1;CTH;TKT;PFKP;MTR;ENO2
37,Biosynthesis of unsaturated fatty acids Homo sapiens hsa01040,0.4242889,1.0817256,0.34170854,1.0,16,0.3125,0.17684814,ELOVL2;ACAA1;ELOVL6;ACOT7;ACOX3
38,Bladder cancer Homo sapiens hsa05219,-0.2777807,-0.784166,0.79620034,1.0,31,0.29032257,0.17541343,ERBB2;VEGFA;ARAF;KRAS;DAPK2;E2F3;EGF;MAP2K2;MMP9
39,Butanoate metabolism Homo sapiens hsa00650,-0.22991298,-0.5945507,0.9440559,1.0,21,0.52380955,0.39394397,HMGCS2;ECHS1;HMGCL;L2HGDH;HMGCLL1;ABAT;GAD1;HMGCS1;HADH;AACS;EHHADH
257,Type II diabetes mellitus Homo sapiens hsa04930,-0.22961259,-0.6580124,0.93521595,1.0,35,0.2,0.16808881,PIK3R5;CACNA1A;PRKCE;CACNA1G;CACNA1B;IKBKB;MAPK9
258,Tyrosine metabolism Homo sapiens hsa00350,-0.32812083,-0.82506585,0.7112299,1.0,19,0.2631579,0.21415088,ALDH3B1;TPO;GSTZ1;ALDH1A3;FAHD1
259,Ubiquitin mediated proteolysis Homo sapiens hsa04120,-0.18162657,-0.63726836,0.99085367,1.0,114,0.13157895,0.16446425,CDC23;ANAPC11;TRIP12;ANAPC2;CUL2;ITCH;RHOBTB2;FBXO4;PRPF19;RNF7;UBA3;SMURF2;BIRC3;PIAS3;NEDD4
260,VEGF signaling pathway Homo sapiens hsa04370,0.2507325,0.8304887,0.74871796,1.0,50,0.2,0.153062,PIK3CB;CDC42;PLCG2;PTK2;PIK3R3;PLA2G4A;NOS3;NFATC2;PRKCB;RAC2
261,"Valine, leucine and isoleucine degradation Homo sapiens hsa00280",-0.22992837,-0.6808147,0.94156927,1.0,42,0.0952381,0.10775504,PCCA;DLD;ACADSB;ALDH6A1
262,Vascular smooth muscle contraction Homo sapiens hsa04270,-0.22929847,-0.76019543,0.8921875,1.0,79,0.35443038,0.30635053,GNAS;MYH11;ITPR2;MAP2K1;PRKCE;ARAF;ADCY8;RAMP2;ARHGEF11;ADCY3;CALM2;GUCY1A2;PLA2G4F;GNA13;MAP2K2;RHOA;ADCY5;ADCY9;PLA2G4C;ITPR3;CALM1;PLCB4;MYL6;ADCY1;CALM3;ROCK2;KCNMB2;MAPK1
263,Vasopressin-regulated water reabsorption Homo sapiens hsa04962,-0.26584482,-0.76499766,0.82421225,1.0,36,0.33333334,0.26179868,GNAS;CREB3;DYNLL2;DYNC2LI1;CREB1;DYNC1I1;ADCY3;RAB5B;AQP3;ADCY9;ARHGDIG;DCTN6
264,Vibrio cholerae infection Homo sapiens hsa05110,-0.26173025,-0.7583522,0.8349057,1.0,40,0.275,0.18802387,SLC12A2;KCNQ1;KDELR3;ATP6V0D1;ATP6V1D;TCIRG1;ADCY9;PLCG1;ATP6V1A;ACTG1;ATP6V0B
265,Viral carcinogenesis Homo sapiens hsa05203,0.2566121,1.0241367,0.37025318,1.0,138,0.28985506,0.21792646,STAT5A;HDAC6;GTF2A1;TRAF2;CHEK1;RBPJ;ACTN4;RBL2;NRAS;PIK3CB;GSN;CDC42;PKM;CCND2;DDX3X;HPN;CDC20;IRF3;RASA2;PIK3R3;MAD1L1;CREB3L4;PRKACA;GTF2H1;RELA;PIK3CD;UBE3A;HDAC5;HDAC1;YWHAB;ATF4;DDB1;YWHAE;CCNE1;PSMC1;NFKB1;CASP8;CDK6;ATF2;CCNA2
266,Viral myocarditis Homo sapiens hsa05416,0.34270644,1.0662122,0.35969388,1.0,36,0.1388889,0.070754364,CD55;ABL2;FYN;RAC2;CASP8
267,Vitamin digestion and absorption Homo sapiens hsa04977,0.32167438,0.8545599,0.6757991,1.0,17,0.4117647,0.1810768,SLC5A6;SLC19A3;PLB1;SLC23A1;CUBN;ABCC1;SLC46A1
268,Wnt signaling pathway Homo sapiens hsa04310,0.22586077,0.87426203,0.8051576,1.0,121,0.19008264,0.18417276,NKD2;FZD2;CSNK2A2;CCND2;VANGL1;MYC;SFRP2;PRKACA;CHD8;DAAM1;PRICKLE1;SIAH1;FZD5;WNT3;NLK;PRICKLE2;NFATC2;PRKCB;DVL3;SENP2;RAC2;BTRC;PPP3CC
269,alpha-Linolenic acid metabolism Homo sapiens hsa00592,0.41448787,1.0389445,0.39709443,1.0,15,0.26666668,0.153062,ACAA1;PLB1;ACOX3;PLA2G4A
270,beta-Alanine metabolism Homo sapiens hsa00410,-0.37181094,-1.020887,0.43694493,1.0,27,0.2962963,0.16990107,DPYD;SMOX;DPYS;ALDH3B1;MLYCD;GAD1;ALDH1A3;ALDH6A1
271,cAMP signaling pathway Homo sapiens hsa04024,0.1731466,0.68664086,0.9966887,1.0,144,0.15277778,0.16438873,RRAS;CNGA1;PIK3CB;PLD2;MYL9;CACNA1D;SOX9;PDE3A;BRAF;PIK3R3;GRIN1;CREB3L4;PDE4C;GRIA2;ACOX3;RELA;PPP1R12A;ADRB2;RRAS2;GABBR2;ADCYAP1R1;RAC2
272,cGMP-PKG signaling pathway Homo sapiens hsa04022,-0.22799511,-0.8190809,0.85714287,1.0,128,0.2109375,0.1987465,PIK3R5;PRKCE;TRPC6;GNAI1;MEF2D;NFATC1;PPIF;CREB1;AKT3;GUCY1A2;GNA13;SLC8A2;PDE5A;MAP2K2;ADCY9;AKT2;ITPR3;CALM1;PLCB4;ATP2A1;ADCY1;ADORA1;PDE3B;SLC8A3;CALM3;ROCK2;KCNMB2
273,mRNA surveillance pathway Homo sapiens hsa03015,-0.23582415,-0.7698968,0.8800623,1.0,72,0.25,0.23899418,CPSF6;SMG5;SMG1;PAPOLA;PPP2R2B;CPSF7;PPP2R2A;PABPC4;PPP2R5E;HBS1L;MSI1;PCF11;SMG6;NCBP2;PPP2R2C;PPP2R3A;SMG7;CSTF1
274,mTOR signaling pathway Homo sapiens hsa04150,-0.22534841,-0.6848083,0.9424,1.0,49,0.1632653,0.1550253,PIK3R5;VEGFA;STRADA;AKT3;IKBKB;MLST8;RPS6KA6;AKT2
275,p53 signaling pathway Homo sapiens hsa04115,0.40257683,1.3734795,0.050890584,1.0,54,0.2037037,0.12127162,SESN2;GORAB;SFN;ATM;CCND2;CCNB1;THBS1;CCNE1;CASP8;MDM4;CDK6
0,2-Oxocarboxylic acid metabolism Homo sapiens hsa01210,-0.26272985,-0.5962501,0.92714024,1.0,11,0.36363637,0.22457147,BCAT1;ACY1;CS;GPT
