Trophoectoderm,PE,Epiblast,Neural progenitors,Cardiac Mesoderm,Glia,Differentiated neurons,Ventral neurons,Spinal cord,Hindbrain,Forebrain,Dorsal neurons,Mesoderm,Retinoic acid,Neural,Caudal neurons,Motor neurons,Endoderm,Midbrain,ExE endoderm,Ectoderm,Smooth muscle cells,Endothelium,Hematopoietic,Metabolic genes,Retinoyated proteins,Pluripotency,Primitive streak,Nascent mesoderm,gr state mESCs,naiive mESCs,could be AVE Endoderm,Definitive endoderm,EMT,Paraxial mesoderm
Cdx2,Gata4,Nodal,Ngn2,Nkx2.5,Gfap,Tubb3,Dlx1,Hb9,Gbx2,Emx1,Bmp4,Wnt3a,Rara,Sfrp2,Cyp26a1,Slit3,Lefty1,Gbx2,Gata3,Krt5,Adcy1,Cd31,Gata1,Acadm,p51,Cxcl5,T,Cdh2,Tfcp2l1,Mycn,Cer1,Mixl1,Cdh11,Msgn1
Gata3,,Tdgf1,Sox1,Fzd2,p16330,Isl1,Gbx2,Lim3,Hoxb1,Emx2,Pax7,Lef,Rxra,Foxp2,,Isl1,Gata4,Hoxb1,Wnt6,Krt92,Adcy9,Flt1,Tal1,Mcad,p55,Dnmt3b,Meox1,Vim,Tbx3,Zscan4,Lefty1,Foxa2,Fsp1,Meox1
Tead4,,Col18a1,Sox2,Tbx5,Cnp,Isl2,Olig3,Gli1,Hoxa2,Otx1,Dbx1,Tcf1,Aldh1a1,Foxp4,,Isl3,Gata6,Hoxa2,,Cyt1,Ppp1r12b,Cd34,Hba-a2,Apoa1,Vim,Hesx1,Kdr,Twist,Tcl1,Tcfcp2l1,Dkk1,Sox17,Vim,Tcf15
P63,,Cxcl12,Sox3,Tbx20,Mog,Tuj1,Olig2,Gli3,Hoxa3,Otx2,Dbx2,Ctnnb1,Aldh1a2,Smad1,,Chat,Foxa2,Hoxa3,,Cyt1l,Mylk3,Kdr,Hbz,Apoa2,Krt16,Ido1,Mixl1,Snai1,Dazl,Sox21,Alk2,Cxcr4,Twist,Pax3
Eomes,,Cdh1,Nes,Gata6,Mag,Lmx1b,Shh,Hes1,Phox2b,Dlx2,Irx3,Fgf8,Aldh1a3,Smad5,,Calcb,Sox17,Phox2b,,Dsg1a,Cacna1c,Vegfa,Hbb-bh1,Cetp,Krt10,Lck,Sox17,Zeb,Prdm14,Prdm14,Alk3,Gsc,Lef1,Pax7
Gata2,,Fgf5,Olig2,Hand2,Mbp,Tph2,Dbx1,Foxn4,Hoxc4,Dlx1,Pax6,Pdx1,Crabp2a,Snai1,,Olig2,Col4a1,Otx,,Dsg4,Ramp1,Hba,Hbb-b1,Cyp7a1,Mpp2,Nanog,Foxa2,Fn1,Prdm1,Esrrb,Bmpr2,Wnt5a,Fts1,Myog
Essrb,,Fgf4,Otx1,Actg1,S100b,Fev,Dbx2,Lmx1b,Hoxc5,Dlx3,,Gdf3,Smad1,Drebrin,,Calm1,Bmp2,Otx1,,Dsg3,LOC100047385,Hbz,Hbb-b2,Facl2,Mpp4,Pouf5f1,Eomes,Ddr2,Kit,Rex1,Hex,Gli1,Itga5,Wnt3
Dlx3,,Prdm14,Dcc,Actb,Sox9,Nkx2b,Evx1,Evx1,Hoxc6,Dlx4,,Foxh1,Smad2,Eb3,,Ngn2,Dusp6,Otx2,,Dsp,Tbx5,Hbb,Hbb-bh0,Facl2,Maguk,Sox2,Wnt3,Tbx6,Dppa3,Zfp42,Hex,Hhex,Itgav,Msx1
Rxra,,Klf2,Gadd45g,Acta2,Nf1a,Ebf1,Evx2,Vsx2,Hoxc8,Dlx5,,Wnt5a,Rbp1,,,Nr2f1,Ttr,En1,,Jup,Tbx20,Klf1,Hba-x,Fasn,Fcgrt,Trim22,Wnt3a,Msx1,Stella,Pecam1,Cer1,Otx2,Sdc1,Cdx2
Pparg,,Klf4,Elovl3,Vsnl1,Aldh1l1,Pax2,En,Gsx2,Hoxc10,Dlx6,,Tdgf1,Crabp1,,,Nkx6a,Afp,,,Pkp1,,Plcg2,Hba-1,Fas,,,Gsc,Sp5,Lefty1,Tcl1,Lhx1,Klf6,Ctnnb1,
Cyp26a1,,Bmp4,Crabp1,Gucy1a1,Vim,Slc5a7,,Msx1,Lim3,Ebf1,,Ccng1,Crabp2,,,Nrif1,Cldn6,,,Cldn1,,Itpr1,Hba-2,Fbp1,,,Lhx1,Foxh1,Lefty2,Tfcp2l1,Cubn,Klf8,Col1a1,
Hand1,,Zfp42,Onecut2,Tpm2,Gys1,Pbx3,,Sim1,Hb9,Isl1,,Trp53,Rdh5,,,Hb9,Krt19,,,Cldn2,,Itpr2,Hbq-1,Hnf4a,,,Bmp4,Tfap2c,,Nr0b1,Dab2,Ets1,Col3a1,
Atp6v0d2,,Enox1,Cep120,Shox2,Eaat1,Lzts1,,Mnx1,Phox2b,Meis2,,Mdm2,Rdh10,,,Fgf1,Eomes,,,Cldn3,,Adcy9,Hb1-2,Gck,,,Chrd,Tfap2,,Zscan4b,Acvr1b,Ets2,Lama5,
Sdc1,,Esrrb,Pxm1,Ptn,Eaat2,Drebrin,,Foxa2,Gbx2,Gad65,,Mdm4,Adh1,,,Smi32,Epcam,,,Ocln,,Atp2a3,Hbb-y,Glut4,,,Nog,Cdx1,,Zscan4c,Acvr2a,Foxq1,Snai2,
Gcm1,,Pecam1,Tacc,Maged2,Glast,Neun,,Tlx3,Krox20,Ascl1,,Fgf3,Adh7,,,Zfh1,Fabp1,,,Tjp1,,Cd38,Hbb-bs,Il6,,,Bmpr1b,Cdx2,,Zscan4f,Ephb3,Six3,Slug,
Ervfrd1,,Klf17,Hook3,Myh6,Glt1,Fox3,,Lhx2,Fgf3,Arx,,Fgf17,Cyp26a1,,,Satb2,Fabp2,,,Tjp2,,Nfatc1,Hbb-bt. Cd34,Lep,,,Bmpr1a,Cdx4,,Usp17la,Igf2r,Rreb1,Zeb1,
Pgf,,Ifitm1,Tpx2,Casq1,Gja1,Rbfox3,,Barhl2,Fgf8,Cxcr4,,Fgf8,Cyp26b1,,,Nr2f2,Sox7,,,Tjp3,,Vav3,Cd90,Ins,,,Bmpr2,Tcf4,,Usp17lc,Itga5,Cux1,Ets1,
Gcm1,,Gdf3,Lis1,Myl7,Foxj1,Rfox3,,Ebf1,Hoxb1,Cxcr7,,Mixl1,Cyp26c1,,,Bcl11b,Foxa1,,,Jam1,,Cd40,Thy-1,Nrf2f1,,,Fgf2,Hoxb1,,Usp17le,Gpc4,Rreb1,Foxc1,
Ccr7,,Argfx,Dctn2,Pam,Tuba1a,Map2,,Ebf3,Cyp26a1,Ackr3,,Eomes,,,,Rtv4,Foxa2,,,Cgn,,Madcam1,Cd49f,Pck1,,,Smad2,Arhgef7,,Tmem92,Dpp4,Smad2,Gsc,
Cyp19a1,,,Csnk2a1,Myl4,Rarres2,Zc3h12d,,Ajap1,Cyp26c1,Erbb4,,Mesp1,,,,Pea3,Tcf2,,,Lsr,,Cdh5,Epcr,Ppara,,,Smad3,Rac1,,Id1,Sdc4,Smad3,Ddr2,
Dlx5,,,Csnk2b,Itga6,Ccdc153,E2f8,,Thsz2,Cyp26b1,Er81,,Mesp2,,,,Runx1,Cxcr4,,,Ildr1,,Esam,Cd201,Pparg,,,Acvr1,Cdc42,,Utf1,Itgb1,Smad4,Mmp1,
Muc15,,,Syne2,Tesc,Tmem212,Rprm,,Sst,Kreisler,Etv1,,Wnt3,,,,Pou3f1,Hhex,,,Ildr2,,Cldn5,Ret,Slc2a2,,,Dact1,p38Mapk,,Sycp3,Cdh2,Pdx1,Tjp1,
Elf5,,,Nudc,Stard10,Tm4sf1,Dab2,,Chl1,Mafb,Gad1,,Cdh2,,,,Scip,Otx2,,,Jam2,,Sell,Gprc5c,Ucp1,,,Vangl2,Mapk,,Ddx4,Lrp2,Hnf1b,Trim28,
Tfap2ac,,,Aspm,Palld,Mia,Dbc1,,Lhx9,Egr2,Gad2,,Pdgfra,,,,Slc18a3,Ttr,,,Krt1,,,Sca-1,,,,Gpr177,p38,,Id1,Fgfr3,Nkx6-1,Dact1,
Arid3a,,,Insc,Nppa,Apoe,Ikzf1,,Msx1,Hoxb4,Gucy1b3,,Bmp2,,,,Foxp1,Afp,,,Krt14,,,Cd27,,,,Porcn,Nckap1,,Id2,Pth1r,,Pcp,
Bhlhe40,,,Lgn,Myl2,Aqp4,Stx1a,,Msx2,Hoxd4,Meis2,,Gja1,,,,Aldh1a2,Apoa1,,,Krt18,,,Cd43,,,,Wls,Strip1,,Myc,Eomes,,Fgf8,
Ccn31,,,Numa1,Myl3,Acta2,Syt5,,Neurod4,Hoxa1,Slc32a1,,Cripto1,,,,Mecom,Apob,,,Krt10,,,Cd38,,,,Alk2,Crumbs2,,Lin28a,Apc,,Fgf4,
Cdk2,,,Gnai1,Myh7,Cspg4,Syt10,,Neurog2,Irx3,Six3,,Zic3,,,,Lhx3,H19,,,Fst,,,Cd117,,,,Alk3,Rhoa,,Lin28b,Sfrp1,,Fgfr1,
Rho,,,Rhoa,Mpped2,Dio2,Dlg4,,Lmx1a,Hnf1b,Sp8,,Tbx3,,,,Slc17a6,Col1a1,,,Spry1,,,Cd150,,,,Bmpr2,Fgf8,,Utf1,Sfrp5,,Crumbs2,
Rock,,,Cep192,Pln,Myrf,Ngrn,,Lmx1b,Pax6,Tshz1,,Spp1,,,,Neurod2,Lox,,,Yap1,,,Cdh5,,,,Msx1,Fgfr1,,Sox4,Hhex,,,
Krt7,,,Cdk5rap2,Hopx,Nfia,Snap25,,,Nab1,Vax1,,Tcf21,,,,Ebf2,Col3a1,,,Tead1,,,Cd31,,,,Tbxt,Pp2a,,,Amn,,,
Gata3,,,Pcnt,Retrag1,Olig1,C1ga,,,Nlz1,Zfhx1b,,T,,,,Calb1,Ccdc80,,,Tead2,,,Vegfr2,,,,Cdx1,Meox1,,,Afp,,,
,,,Gli3,Mhrt,Olig2,C1gb,,,Pbx,Zeb2,,Lef1,,,,Nfib,Thy1,,,Xrcc5,,,Cd146,,,,,Ppp2r1a,,,Ttr,,,
,,,Cp110,Spink4,Plp1,Dcx,,,Meis,Sp8,,Tcf1,,,,Grm5,Ttf1,,,Erbb3,,,Vwf,,,,,Flk1,,,Sema6d,,,
,,,Pcm1,Mb,Slc1a2,Nsmce2,,,Hoxb3,Rbbp7,,Fgfr1,,,,Slc5a7,Cftr,,,,,,Tie2,,,,,Hoxb3,,,Efna5,,,
,,,Ninein,Mesp1,Slc1a3,Th,,,Nab2,Rbbp4,,Smad4,,,,D930028M14Rik,Hex,,,,,,Cd202b,,,,,,,,Krt19,,,
,,,Cdk5rap2,Myod,Sox2,Pvalb,,,Epha4,Lzts1,,Cdh11,,,,Onecut2,Cer1,,,,,,Cdh2,,,,,,,,Dbn1,,,
,,,Wdr62,Myf5,Zpf488,Calb1,,,Pax2,Nkx1,,Jag1,,,,B3glct,Lhx1,,,,,,Pecam1,,,,,,,,Pml,,,
,,,Akna,Pax7,Msx1,p08553,,,Pax5,Nkx2,,Fn1,,,,Kitl,Lim1,,,,,,Kdr,,,,,,,,Kmt2a,,,
,,,Dctn1,Msc,Mki67,p19246,,,Pax8,Emx1,,Pcdh7,,,,Il6st,Fzd5,,,,,,Flk1,,,,,,,,Krt8,,,
,,,Uhrf1,Myor,Hes5,Psd95,,,Pax3,Emx2,,Lrp5,,,,Ntm,,,,,,,Mcam,,,,,,,,Marcks,,,
,,,Brip1,Tbx1,Blbp,Syp,,,Pax7a,Pax6,,Lrp6,,,,Lsamp,,,,,,,Tek,,,,,,,,Marcksl1,,,
,,,Fancb,Pitx2,Pdgfra,Slc17a7,,,Pax7,Reln,,Flk1,,,,,,,,,,,Lyve1,,,,,,,,Stmn1,,,
,,,Rb1,Tcf21,Ng2,Slc17a6,,,En1,Vim,,Bmp2,,,,,,,,,,,Pdpn,,,,,,,,Prkaca,,,
,,,Ncam1,Tnni3,Sox10,Nmdar1,,,,Map2,,Bmp4,,,,,,,,,,,Flt4,,,,,,,,Mapk8,,,
,,,Tbr2,Ecad,Mpz,Nmdar2b,,,,Otx,,Bmp7,,,,,,,,,,,Sox17,,,,,,,,Efna5,,,
,,,Mash1,Vegfr2,Gap43,Gls,,,,Otx1,,Col6a1,,,,,,,,,,,Erg,,,,,,,,Plxna1,,,
,,,Neurod1,Tnnt2,Dhh,Gat1,,,,Otx2,,Col1,,,,,,,,,,,Esam,,,,,,,,,,,
,,,Stmn1,Ebf3,Glul,Gad65,,,,,,Col3a1,,,,,,,,,,,Fli1,,,,,,,,,,,
,,,,Isl1,,Gad67,,,,,,Col5,,,,,,,,,,,Kitlg,,,,,,,,,,,
,,,,Hand1,,Gabra1,,,,,,Dcn,,,,,,,,,,,Kit,,,,,,,,,,,
,,,,Srf,,Gabra2,,,,,,Npnt,,,,,,,,,,,Mecom,,,,,,,,,,,
,,,,Rspo3,,Dat,,,,,,Lum,,,,,,,,,,,Runx1c,,,,,,,,,,,
,,,,Fzd1,,Girk2,,,,,,Mgp,,,,,,,,,,,Timp3,,,,,,,,,,,
,,,,Sox4,,Nurr1,,,,,,Matn2,,,,,,,,,,,Dll4,,,,,,,,,,,
,,,,Cxxc4,,Lmx1b,,,,,,Col6a2,,,,,,,,,,,Gata2,,,,,,,,,,,
,,,,Fzd3,,Tph,,,,,,Col6a3,,,,,,,,,,,Runx1,,,,,,,,,,,
,,,,,,Pet1,,,,,,,,,,,,,,,,,,,,,,,,,,,,
,,,,,,Slc6a4,,,,,,,,,,,,,,,,,,,,,,,,,,,,
,,,,,,Slc18a3,,,,,,,,,,,,,,,,,,,,,,,,,,,,
