,0
0,Tmem106c
1,Casc4
2,Gm26644
3,Eci1
4,2410006H16Rik
5,Sgsm1
6,Ppt2
7,Nlrp4e
8,2210016L21Rik
9,Adam21
10,Gm50254
11,Ccdc184
12,Scaf4
13,Gm16286
14,Capn15
15,Tmem39a
16,Pdzd2
17,Angptl8
18,Acin1
19,Gm45353
20,Raph1
21,Gm34030
22,Foxl2os
23,Msh6
24,Alas1
25,D730045A05Rik
26,Sync
27,Gm13388
28,Pou3f4
29,Psmd8
30,Epha6
31,Ablim1
32,Vmn1r32
33,Cysrt1
34,Col6a3
35,Gm45442
36,Farsb
37,A330084C13Rik
38,Syt8
39,Echs1
40,Kng1
41,Gm49460
42,Ext2
43,Blmh
44,A930005H10Rik
45,Npdc1
46,8030451O07Rik
47,Wdr31
48,Csf3r
49,Bcar1
50,A230001M10Rik
51,Edar
52,Tmem147
53,Etfdh
54,Ldoc1
55,4930443O20Rik
56,Hist1h4j
57,Bbx
58,Col6a6
59,Scn7a
60,Rnf223
61,Abi3bp
62,Gm45459
63,Gm10685
64,Myo1d
65,Gm48754
66,Gm16302
67,Mab21l3
68,Gabbr2
69,Med6
70,Ces4a
71,Gm26861
72,Gm31925
73,Foxo3
74,Gm49519
75,Misp
76,Gm47882
77,Plcd1
78,Gm10503
79,March7
80,Frzb
81,Gm43126
82,Gm26566
83,Sidt2
84,Tceal8
85,Xlr4b
86,Gbe1
87,Aipl1
88,Tacc1
89,Enah
90,Mxi1
91,Kif16b
92,Trim63
93,Lonp1
94,Gm26513
95,9230112E08Rik
96,Tmem94
97,Ppm1m
98,Hdac5
99,Gm10648
100,Gm49878
101,1700029J07Rik
102,Gm50106
103,Lactb2
104,Gm29478
105,Flvcr1
106,Akap14
107,Gm49171
108,Gm17203
109,Frs3
110,Mdh1b
111,Specc1l
112,Sox21
113,Fkbp15
114,Znhit3
115,Zfp560
116,Tbk1
117,Zbtb18
118,St6galnac4
119,Fxyd3
120,Gm17455
121,Haglr
122,Gm9856
123,4930428E07Rik
124,Tmem79
125,Gm37637
126,Lyst
127,Gm15013
128,Cgref1
129,Samd8
130,Lrrc3b
131,Gm3752
132,Gm3772
133,Prdm13
134,Cthrc1
135,Fxr2
136,Gm29506
137,Sestd1
138,Foxo4
139,Lgr4
140,Gm50321
141,Gm9939
142,Serinc5
143,Gm5106
144,Gm45767
145,Galntl6
146,Gm37362
147,Pcsk6
148,Bik
149,Med10
150,Igtp
151,Gm34455
152,Lrch2
153,H2-Eb1
154,Med20
155,Ndufa8
156,Eif2s3y
157,Nt5c
158,Gm16246
159,St14
160,Gm15265
161,Gm19967
162,Gm43466
163,Mttp
164,Bet1l
165,Zc3h11a
166,A930033H14Rik
167,Wnt3a
168,Gm15907
169,Wnt3
170,Gm28526
171,1500026H17Rik
172,Klhl15
173,Gm11670
174,Mrpl11
175,Prpf3
176,Marveld2
177,Psmb7
178,Stam2
179,Hgd
180,Inpp4a
181,Gm48728
182,Rilpl1
183,Smad2
184,Gm13179
185,Gm26670
186,Mark1
187,Isy1
188,P2ry1
189,Lrrn3
190,Acd
191,Gm43465
192,Gcc1
193,Gm26688
194,Gm20635
195,Prr36
196,Ercc3
197,Defb30
198,Il6st
199,Qrfprl
200,Ankrd49
201,Hnrnph3
202,Fasn
203,Sncg
204,Gm28258
205,Zbp1
206,Gm49698
207,Gm28404
208,Dpysl4
209,Gata5
210,Cntrob
211,Iws1
212,B3gat3
213,Coq10a
214,Supt16
215,Ramac
216,Gm36363
217,Rnf24
218,Smim12
219,Map3k19
220,Ostf1
221,Gnaq
222,Trarg1
223,BC035947
224,Sox2ot
225,Esrrb
226,Gsto1
227,Wtap
228,Cers1
229,Papln
230,Gm45639
231,Lipo2
232,Dennd5b
233,Gm5475
234,Nhs
235,Fbxl5
236,Tmem258
237,Cd4
238,A930007I19Rik
239,Hist1h2bk
240,Gm49691
241,Alg1
242,Gm3143
243,Gm15912
244,Ubap1l
245,Gm17399
246,Unc5d
247,Togaram1
248,Gm44073
249,Mospd2
250,D830025C05Rik
251,Gm48683
252,Wnt1
253,Dpy19l1
254,Ccl5
255,Aurkc
256,Gm50287
257,Klhl35
258,Tbccd1
259,Foxo6
260,Abcc6
261,Dnah2os
262,Fktn
263,Col27a1
264,Pard6b
265,Arpc4
266,Zcwpw2
267,Asmt
268,Gm42903
269,Vstm5
270,Prima1
271,Fam210b
272,Trim21
273,Gm16973
274,Gm28888
275,Cenpm
276,Gm12689
277,Otud4
278,Rcl1
279,St6galnac6
280,Pcdhga9
281,Hes6
282,Dclk3
283,Podnl1
284,Gpr1
285,Kpnb1
286,Nkx6-3
287,Chchd2
288,Psmc1
289,Gm3435
290,Ccng2
291,Smad9
292,Arpp21
293,Ccdc13
294,Znhit1
295,Nup54
296,Cwc15
297,Snhg9
298,Synpr
299,Hoxc11
300,Cabp4
301,Grpel1
302,Phrf1
303,Tspyl3
304,Twf1
305,Hat1
306,Zfp605
307,Gyg
308,She
309,Sec63
310,Amdhd1
311,Skp1a
312,Dcun1d2
313,4933412E12Rik
314,Inpp1
315,Myo5b
316,Psmd12
317,Dolk
318,Soat2
319,Prkch
320,Pdgfrb
321,Map3k10
322,Gm44837
323,Iars
324,Efhd1
325,Ccny
326,Plekhg6
327,Enpp4
328,Gpr176
329,H6pd
330,Adcy2
331,Ggt7
332,Vmn1r90
333,Stx16
334,Dlg3
335,Smc1b
336,Platr26
337,Tent4a
338,Ldha
339,Caap1
340,Aimp1
341,Platr15
342,Pglyrp3
343,Ppard
344,Ttyh1
345,5330417C22Rik
346,Tfap2b
347,Crip2
348,Rpl7a
349,A130014A01Rik
350,Slco1c1
351,2410021H03Rik
352,Srpr
353,Nmral1
354,Smg6
355,Fbxw2
356,Hnrnpul1
357,5430416N02Rik
358,Bach2os
359,Gm12536
360,Rdx
361,Ddx43
362,Rab11b
363,Ptk7
364,Zfp799
365,Lama4
366,Bend6
367,2900093K20Rik
368,Hsdl2
369,C030006K11Rik
370,Eif4ebp3
371,Ly6e
372,Plin3
373,Slc18b1
374,Klhl4
375,Msx3
376,Gm2788
377,Satl1
378,Rncr4
379,Eme2
380,Fst
381,Fer
382,Osbpl11
383,Slc7a3
384,Smc5
385,Itgb1bp1
386,A530046M15Rik
387,Net1
388,Wdr36
389,Fam50a
390,Atxn3
391,Cebpa
392,Gm26574
393,Fam222b
394,H2-Q4
395,Prdx3
396,Gm26901
397,Pcid2
398,Ptchd3
399,1700021A07Rik
400,Limk2
401,Tnrc18
402,Ilvbl
403,Ubr1
404,Cdc34
405,Zdhhc5
406,Tcf21
407,Sema4g
408,Trim8
409,Clasp2
410,E2f8
411,Gm33222
412,Enpep
413,Sfpq
414,Lmnb1
415,Gm15689
416,Zfp959
417,Gm3252
418,Gm35066
419,Phf12
420,Map3k1
421,Zic1
422,5031415H12Rik
423,Clic4
424,Gm42664
425,Chst7
426,Ryr2
427,Tial1
428,Prdm8
429,Tbc1d12
430,Nmbr
431,Tmsb15b2
432,Olfr814
433,Slc10a7
434,Lum
435,Tmem158
436,Gm29283
437,Mest
438,Gm10184
439,AU020206
440,Npc2
441,Satb2
442,Mblac2
443,Susd4
444,Tro
445,Gm48284
446,Gm48420
447,Gm17382
448,Gli2
449,Mep1b
450,Mettl27
451,Tmod2
452,Fryl
453,Gm33180
454,Xrcc3
455,Pcnx4
456,Iqcg
457,Ado
458,Gm6093
459,Mrln
460,Nr2e3
461,Gm26569
462,Msi1
463,Dgkk
464,Pex1
465,Gm32916
466,Hacd2
467,Itpa
468,Faap24
469,Dkkl1
470,Ggps1
471,Commd10
472,Adgrl3
473,3110001I22Rik
474,Fam122a
475,Apela
476,Mrpl39
477,Baiap2
478,1700007K13Rik
479,Cdr2l
480,Borcs7
481,Sphkap
482,Nop16
483,Glrx
484,Arhgap11a
485,Pnrc2
486,Gm48395
487,Upk1a
488,Mkx
489,Sap25
490,Tmem169
491,Esx1
492,Gpx4
493,Sorcs1
494,Cep83
495,Ntf5
496,Dhx36
497,Ddx24
498,Il23r
499,Ubtd1
500,Churc1
501,D16Ertd472e
502,Cpa2
503,Fcrl5
504,Pld6
505,Timp3
506,Lpcat3
507,Atf1
508,Eloc
509,1700094J05Rik
510,Gsdmd
511,Gm9725
512,Gm11899
513,Akap5
514,Fkbp7
515,Slc35a2
516,Gm10535
517,Peli3
518,Tnni2
519,1700013F07Rik
520,Gm15892
521,Tex30
522,Emx1
523,Gm14964
524,Gm39090
525,Bfar
526,Gm33497
527,Gm12701
528,E230001N04Rik
529,Aldh4a1
530,Cul4b
531,1700016F12Rik
532,Ccdc194
533,Gm20492
534,Zfand5
535,Ddr2
536,Spop
537,Gm12682
538,Gm3002
539,Gabra3
540,Eral1
541,Uxs1
542,A730035I17Rik
543,Lgr5
544,Map3k21
545,Cdc5l
546,Clic1
547,Gpbp1
548,Bms1
549,Mrps18a
550,Cbln3
551,Ubxn1
552,9330020H09Rik
553,Nfib
554,Erich6b
555,Nudt10
556,Gm20629
557,Jkamp
558,Rnf150
559,Psd
560,Tcim
561,Txndc16
562,Cbl
563,Mtx3
564,Pax5
565,Gm48727
566,D230022J07Rik
567,Kcng2
568,Dnm3os
569,Mrrf
570,Nlgn3
571,Tmcc3
572,Tm4sf19
573,Ddhd2
574,Zbtb33
575,Cacnb3
576,Cpne8
577,Gabarapl2
578,Gckr
579,Riiad1
580,1700024B18Rik
581,Gm12649
582,Fgd3
583,Trappc13
584,Fam168a
585,Lmbr1l
586,Bscl2
587,Pudp
588,Gm20650
589,Sncaip
590,Cep120
591,Bmp8a
592,Snx2
593,Srfbp1
594,Prr16
595,Zfp985
596,Nelfb
597,Spint1
598,Zfp934
599,Gm47782
