,gene_name,baseMean,log2FoldChange,lfcSE,stat,pvalue,padj
2,Gm19938,145.0956947301727,-0.9304100583327426,0.1984111145607928,-4.689304126899939,2.7413569924439346e-06,9.7534982967087e-05
6,Rb1cc1,367.0285340963328,-0.6409088185482159,0.1269992209913461,-5.046557085510691,4.498425300946891e-07,2.0179933003415867e-05
21,Cspp1,488.7794398467568,-0.935938728396288,0.15798595185519,-5.92418957132448,3.138412514088423e-09,2.180908049064309e-07
25,Ncoa2,11.638665366605675,4.56730839285184,1.1068698797634156,4.126328194808287,3.6860113961184845e-05,0.0009705765324977
27,Lactb2,297.65013662721475,-0.7066863737676803,0.1434499411732729,-4.926362241683147,8.377462620424183e-07,3.485182019926312e-05
36,Rdh10,31.204093367473902,1.1694631382127063,0.3358342207780557,3.4822631699155364,0.0004971947991918,0.0091010650759649
51,Kcnq5,137.25201517346713,-0.7760686623880534,0.1780963122707072,-4.357578506220979,1.31509333627299e-05,0.0003923314775127
64,Rab23,58.9642505991088,-1.028755332623847,0.2391206658210482,-4.302243509951336,1.69077342464186e-05,0.0004877881330091
75,Uggt1,107.35621897737906,-4.129833111062308,0.2649672938388325,-15.586199531381776,9.035127867920134e-55,1.4988147741896013e-51
80,Cnnm3,20.108505442061062,2.624458909037662,0.52368239014233,5.011546995736039,5.399419289281067e-07,2.3805878202009648e-05
92,Mgat4a,42.88488210050932,1.1892433756803635,0.2941271041545349,4.043297468619325,5.270468398623481e-05,0.0013348165289719
98,Eif5b,359.26428761819693,-0.6920623948300627,0.1395148567994713,-4.960492457264129,7.031469175345337e-07,2.9953799084866977e-05
117,Gm8251,336.5407819380308,0.9387877680808412,0.1384343607466121,6.781464970240891,1.1896332487805154e-11,1.3047622185591915e-09
123,Wdr75,150.7519654077959,0.7694639896690129,0.1734408955042113,4.436462273975803,9.14493531451737e-06,0.0002882718208051
187,Fam117b,46.69945664870249,1.9039524771050484,0.3185740087420729,5.976484034661301,2.280048873274551e-09,1.6355961403906253e-07
188,Ica1l,17.77622498186598,-2.575535934912698,0.4841381340328255,-5.319836951199699,1.0386028952277273e-07,5.181691361867357e-06
209,Mettl21a,53.1861516042766,-2.900403173982832,0.2981210237205228,-9.728945438956533,2.2693331899528747e-22,7.925347569438052e-20
229,Igfbp5,36.78942286618032,1.1411367126786762,0.314719979089839,3.625879475395272,0.0002879796560448,0.0057818124287008
249,Retreg2,189.8073396348316,0.9730765537578678,0.193016608204869,5.041413600662997,4.6210548489109293e-07,2.0648491212086512e-05
307,Efhd1,216.0991871035933,0.6147697816540744,0.1440050930038692,4.26908360551912,1.9627769434401227e-05,0.0005589702321114
382,Dsel,234.3285220721464,2.093513506090568,0.1611473776917967,12.991297383036091,1.370833360328845e-38,1.3994099634557004e-35
402,Ccdc93,107.08277699645826,1.136555772590237,0.2022382954795432,5.619884057543403,1.9108565031008013e-08,1.142296245614898e-06
404,Dpp10,96.80299852137628,1.063177706172595,0.2045044332890614,5.19880028551666,2.005788891685219e-07,9.64450158751976e-06
420,Dars,193.29626173005963,-0.9607867291472502,0.2271286555638559,-4.230143161645803,2.3354263571800484e-05,0.0006443543281941
448,6030442K20Rik,237.6270233266396,-0.6899275340908618,0.1761513540533043,-3.916674599515632,8.977879998593978e-05,0.0021189884692141
467,Rabif,79.99614113339594,4.356429552549702,0.4020716701432931,10.834957735264284,2.350739388067832e-27,1.1141665149660072e-24
477,Elf3,47.1027624836844,1.5223487553399575,0.2879648218559689,5.286578914494594,1.2462506679704328e-07,6.148324392057849e-06
528,Prg4,193.01438122542297,-1.0479700409322117,0.182666408886575,-5.737070364058771,9.632824414333547e-09,6.03005720767078e-07
535,Fam129a,155.57523035356766,0.7825225672980507,0.1674809868691134,4.672306880479473,2.9783551037378724e-06,0.0001054020015512
555,Ier5,396.2362148670057,-0.6351239598344628,0.1354821624650699,-4.687878819458694,2.760513903074026e-06,9.795395723982728e-05
573,Cop1,118.53956430360972,0.8549563455173875,0.1839759752381951,4.6471086478028925,3.3661989303568188e-06,0.0001172515118235
575,Cacybp,194.112839911208,-0.9525320033818416,0.1910046024446113,-4.986958383152378,6.133727116955348e-07,2.651488357300144e-05
602,Sft2d2,507.57731275067135,0.9573693558152986,0.1172123404450008,8.167820488701205,3.140106914835144e-16,7.063111672335118e-14
610,Cd247,196.887484118525,0.9010698695320758,0.151644219766885,5.941999443943493,2.815663755864256e-09,1.987589026812476e-07
644,Gm20045,41.90549321976992,1.3655584342888891,0.3103993237222299,4.399360210948461,1.0857048618199516e-05,0.000334301374042
663,Pigm,190.8566992837112,-0.7657628708242945,0.1866196565383982,-4.103334477345014,4.072378364532217e-05,0.0010680737801523
692,Smyd3,140.429700377102,0.9344237394716984,0.1746888124137069,5.349076031604983,8.84043993023565e-08,4.477919019624325e-06
727,Mark1,284.5880981550116,1.56045777595514,0.1411363438575048,11.056385147192293,2.041607354187497e-28,1.0420835075931643e-25
747,Tatdn3,81.45324573357284,1.93051223490139,0.2425339358420714,7.959761293604965,1.723714954171406e-15,3.519295562585958e-13
769,Cd34,79.65858633551703,1.3446139105250958,0.2246849185996536,5.984442208695571,2.171326648758228e-09,1.566069345416872e-07
776,Acbd7,458.30940903192544,-1.035853044304469,0.1803311987037141,-5.744169903769039,9.23730028928357e-09,5.865464695649869e-07
777,Dclre1c,313.0121589711675,0.6813388700427239,0.1301612168116513,5.234576679078295,1.6536341270580885e-07,7.98013763643196e-06
823,Gm13269,11.26913330660426,-2.697551908675384,0.6362486150431316,-4.239776472428967,2.2374247152591168e-05,0.0006251129136042
835,Etl4,263.1238537130698,-0.5614354540027295,0.1390487890275362,-4.0376867567796415,5.398086670483129e-05,0.0013619393194673
858,Tor4a,67.27485701604297,0.8711142745801514,0.2377859896719682,3.663438185663821,0.0002488522914686,0.0050886267489685
889,Sec16a,348.16427483873537,-0.8900972619038386,0.126206587117624,-7.052700514548196,1.7547827237522714e-12,2.352295103728929e-10
892,Egfl7,661.5448983700257,-0.8259482903616031,0.1536770717669626,-5.3745707206998246,7.676534976509232e-08,3.903268033458008e-06
895,Abo,848.67417736382,-1.1137927159832086,0.1578980326472466,-7.053873296011775,1.7400483558186593e-12,2.352295103728929e-10
955,Prrc2b,14.950551867383794,2.0122287082220245,0.5564320177519638,3.616306474152247,0.0002988365446777,0.00597268039822
968,St6galnac6,75.4028637615724,-1.237731057532591,0.2167780462805564,-5.709669769468753,1.1319559362664952e-08,6.890911573482869e-07
975,Fam129b,120.04363153815558,-1.2450511681754923,0.1893024148102478,-6.577048525363513,4.798782029712069e-11,4.717380467874731e-09
985,C79798,251.90585630006672,-1.9767325242721356,0.1650931029497963,-11.97344097938026,4.89553560340114e-33,3.248432649636826e-30
987,Hspa5,127.13900331309104,-1.0323221227785369,0.180272286665793,-5.726460466396366,1.0254764524969333e-08,6.300508333836482e-07
1000,Rbm18,118.60802082629851,3.291208046689602,0.2566476597721862,12.823838135173526,1.205805699820564e-37,1.1430176744513362e-34
1006,Nek6,211.03526069122665,0.749322825818701,0.1514431165008993,4.947883027844658,7.50249695631873e-07,3.1810107702014654e-05
1055,Ifih1,217.6780482260915,0.5063233506536271,0.143601240445577,3.52589816830668,0.0004220492170787,0.007913795918863
1073,Klhl41,37.061206797507225,-1.142906288989051,0.3219680194339636,-3.549750969050712,0.0003855957265884,0.0074230051197731
1167,Fnbp4,184.24620097896204,-0.7176317332238968,0.1632993170516461,-4.394578900761317,1.1098768764700578e-05,0.0003401657281208
1188,Slc35c1,448.8631517248985,-0.7287772653234076,0.1156639341822819,-6.300816849052382,2.9608108934609917e-10,2.63710881658529e-08
1208,Gm13919,172.73857493259402,-0.5795172345338349,0.1600990432176034,-3.619742022731307,0.0002948968754923,0.0059028302181883
1215,Abtb2,151.4338923825126,-0.6148473852918055,0.1701045521606957,-3.614526345602828,0.0003008972188394,0.0059969183119188
1225,Tcp11l1,47.47911666074513,-1.4829984281880568,0.2884982363204284,-5.140407258992475,2.741436111253793e-07,1.2632499525155932e-05
1233,Pax6,621.8971617922797,-0.5700512609807,0.1196815441150827,-4.763067398533505,1.9067212038356355e-06,7.087982379860706e-05
1254,Arhgap11a,228.0722439704012,0.5535850000804922,0.149673777847663,3.698610458299029,0.0002167830062345,0.0045163693496674
1265,Thbs1,466.1767268157832,-0.5653265666078433,0.1435447558696848,-3.93832963930126,8.205081986310673e-05,0.0019514272946295
1268,Eif2ak4,14.89542138224291,-4.125718786058742,0.7051316279920031,-5.850990967186529,4.886527653886766e-09,3.260707823995496e-07
1292,Rpap1,112.01187757195446,1.1766679050900553,0.2474404699875992,4.755357541751457,1.980955092777475e-06,7.302570843402741e-05
1301,Haus2,194.6321219454624,-0.8037777284144143,0.1509128492792192,-5.326105313453217,1.0034096795451355e-07,5.02499994612962e-06
1327,Spata5l1,457.0526000485207,-2.2929665782608444,0.1274924703034274,-17.985113731059307,2.5486530113792663e-72,1.691158705700712e-68
1328,AA467197,54.389244953092025,-1.029165311130075,0.2560603152744964,-4.019230039714708,5.838864115491867e-05,0.0014565331894115
1343,Fam227b,67.89047415899599,-1.592905123925205,0.2503234899053023,-6.3633865304762365,1.9735320306313982e-10,1.8444185618668516e-08
1362,Kcnip3,976.3104720373044,0.650370285881032,0.1033377706656134,6.293635731561689,3.1011509100335737e-10,2.725521438877852e-08
1380,9830144P21Rik,55.51188431269671,0.9861443574975696,0.2610491208859827,3.777619913641783,0.0001583342749733,0.0034390411835859
1426,Mcm8,175.4969373225291,0.7623757787943677,0.1607563934572778,4.742428978396898,2.1117087112721216e-06,7.720244161788519e-05
1439,Gm14066,32.261023055830044,1.238320718389701,0.3377175108399503,3.666735299895541,0.0002456668631737,0.0050390184562267
1443,Gm17374,82.27463622070859,1.1377824212470842,0.2230288465468206,5.101503410269525,3.3696594856163816e-07,1.536726839643127e-05
1449,Pcsk2os1,215.5681696950465,0.8313158551808989,0.1487442446408409,5.588894260670058,2.2852004289042734e-08,1.3243185542353106e-06
1465,Rin2,161.4552489670712,-0.9790096872866332,0.2256565240535561,-4.3384949377943975,1.4346178874329477e-05,0.0004212126987637
1595,Srsf6,255.95561490959744,-0.6446333599145705,0.1770024005802515,-3.641946989426838,0.0002705838004526,0.0054739597801935
1621,Wfdc8,229.84722798163384,-0.6665254480556454,0.1370875457123654,-4.862042314581493,1.1618077832351112e-06,4.630135462856805e-05
1626,Snx21,80.70088785968622,3.064787390113935,0.3095788055398104,9.899861796966,4.1685068750938304e-23,1.580578706839149e-20
1628,Zswim3,359.8948550111168,1.676111935253619,0.2012737735154443,8.327522786395248,8.255151775234471e-17,1.9220020913883632e-14
1630,Ctsa,111.18624727244098,-1.064547114803227,0.1935303714120431,-5.500672101417677,3.7834624763966696e-08,2.1096777531201766e-06
1642,Platr29,11.16185215270666,-2.0178902942440464,0.5841282842061476,-3.454532760704159,0.0005512472389646,0.0099127399841468
1644,Trp53rkb,299.8541100561752,-0.8079012417419887,0.1300981623034406,-6.209935847192382,5.3006236231792e-10,4.369228329391998e-08
1692,Vapb,33.56425492239786,-1.518162841555451,0.3274836520085238,-4.635843139784992,3.554854745030552e-06,0.0001231761809955
1693,Stx16,17.455231833999207,-2.532172794740842,0.5139955497688737,-4.926448868826732,8.373751156520657e-07,3.485182019926312e-05
1710,Gm14296,110.85371804029218,-0.7224741768847113,0.1805511569464863,-4.001492923686144,6.294407794915295e-05,0.0015497789581877
1740,Slco4a1,60.50205925724697,-1.4460949353315686,0.2521069735212993,-5.736037028778955,9.691748118331496e-09,6.038459590534144e-07
1826,Mfn1,104.71209795448468,0.6745351439220098,0.190627653203593,3.538495766936797,0.0004024137335427,0.0076336595942336
1859,Mfsd8,51.41303227025599,2.33071420388196,0.3219948623719449,7.2383583598600705,4.541481548579598e-13,6.696666847911094e-11
1867,D3Ertd751e,15.99173806460774,-1.7728930768892963,0.4722688762146064,-3.75399092800616,0.0001740411650406,0.0037193241566097
1895,Gm43376,95.492723336716,0.7323477064663351,0.2053002626710318,3.56720296865782,0.0003608120064943,0.0069902717345779
2058,S100a13,424.21372215183146,-0.6355599274551365,0.1306464105493508,-4.864733173936361,1.1461131869197288e-06,4.58134581434088e-05
2062,Pglyrp3,746.4327827415796,0.64666832244816,0.1087229327893242,5.947855763799431,2.7167782329251302e-09,1.9280408518261718e-07
2069,Tchh,97.99680086431812,-5.43851883567471,0.3808407559211604,-14.280296294760436,2.903642775462428e-46,3.5031130248328986e-43
2086,Scnm1,161.46772307131226,1.3155255648945086,0.1717371841283693,7.660109088030614,1.8577521666997366e-14,3.201847922632755e-12
2143,Pias3,393.6777708966927,-0.8682675319998158,0.1388043899024361,-6.255331928695558,3.966713270471145e-10,3.37081472764812e-08
2153,Sec22b,97.13735098170264,-0.9550469871755934,0.2102481679283523,-4.542474717311455,5.55976662514453e-06,0.0001853860876439
2159,Tbx15,295.56813809344254,0.5411703095467647,0.1428660976708616,3.787954723824864,0.0001518925198719,0.0033208659492921
2164,Gm43466,40.96501377205041,1.7425451415795317,0.3320547807236307,5.247764052009996,1.539562966582049e-07,7.456766470624223e-06
2206,4930509H03Rik,154.96390810064742,-0.6955840541018006,0.158209223079157,-4.396608747353358,1.099552838657774e-05,0.0003377816139311
2277,Lrrc39,105.3535194963166,-1.8607257519706903,0.2174709617158374,-8.556203261757968,1.1664555664334035e-17,2.920760721158056e-15
2286,Ptbp2,63.91948296529001,-1.1171469796411362,0.243398183231686,-4.589791775798695,4.4368839323624416e-06,0.0001513420950649
2313,Ank2,215.74065872956,0.7004187012817321,0.1655013691364418,4.232102156836517,2.3151720186241456e-05,0.0006414331494605
2339,Aimp1,220.2962927246236,0.6296609981504182,0.1441306548260679,4.368682005297708,1.249986194894421e-05,0.0003755561015974
2341,Gstcd,148.5531596941779,-1.5235921181748369,0.4225865272569036,-3.605396812020458,0.0003116763182276,0.0061920006275441
2414,St6galnac3,332.7992595962839,-0.7120939313838206,0.1580165571765913,-4.506451375143051,6.592078280996697e-06,0.0002138960167899
2416,Acadm,54.69372857149062,-0.9143552132345486,0.2446807454776052,-3.7369316144994182,0.0001862795599585,0.0039239937146194
2474,A530072M11Rik,196.76960211944692,-1.0841453795401492,0.1635503813070744,-6.628815970197035,3.3839013626599856e-11,3.481221316578346e-09
2510,Rars2,52.308573776880365,0.9254443194569458,0.2612321972756052,3.542612009960562,0.0003961851309074,0.0075542713682086
2524,Chmp5,22.17931351574985,2.788078361281781,0.509186024932975,5.475559470919848,4.361314546270664e-08,2.381852071751357e-06
2544,Ccl27a,634.678963990884,-1.4597936431785743,0.1632034057252676,-8.944627329872961,3.732068859555681e-19,1.0537933156417751e-16
2549,Fam214b,235.80911438224655,-0.5896048744057849,0.1386528036138545,-4.252383356400233,2.1150738854651796e-05,0.0005972158624257
2554,Ccdc107,547.7032536452617,-0.5426956831365798,0.1362831162295154,-3.98211970896396,6.830336019555993e-05,0.0016693441862896
2557,Tln1,20.545511063541436,1.566050860917763,0.4435832028056825,3.530455731895223,0.0004148444297008,0.0078312950591188
2569,Rnf38,34.9445429808438,-1.3487182767857098,0.3260291875903673,-4.136802249988363,3.5217936548433524e-05,0.0009347544718685
2584,Xpa,24.192831491322668,1.4302690110340937,0.3903615181133257,3.6639600592466,0.0002483455282767,0.0050861010891373
2599,Tmeff1,84.11065735240349,0.8573128976154274,0.210613047673972,4.070559289102277,4.690040245286952e-05,0.0012132850700819
2602,Mrpl50,84.97972026761404,-0.9496431311395748,0.224031322016,-4.2388855388343964,2.2463214613542647e-05,0.0006262800864208
2635,Hsdl2,314.94676798075614,0.5851896293161868,0.1322493820340338,4.4248950000052965,9.64892025147033e-06,0.0003015974210141
2710,Cyp2j6,56.42727573237229,-1.6394822265645648,0.2541045918182549,-6.45199763937042,1.103852990692364e-10,1.0463737885341689e-08
2711,Tm2d1,31.64796185365372,-1.6934557475470864,0.3898392493869245,-4.343984732707845,1.3992124372768363e-05,0.0004117283426851
2748,Ssbp3,40.31292140093036,-2.0071670752576525,0.3004713476986219,-6.6800614788431565,2.388420318486167e-11,2.495805200522041e-09
2753,Tmem59,352.29195566480433,-0.7324591641499649,0.1659116946682776,-4.41475307460657,1.0112535147029411e-05,0.0003136412098096
2757,Glis1,121.36109077988242,1.1364765729309234,0.1960115985938915,5.798006756148871,6.710774913356542e-09,4.387127777101215e-07
2767,Coa7,25.59542221890472,-1.4139609052065096,0.3979830870412231,-3.5528165674539123,0.0003811301289284,0.0073517121235606
2778,Nrd1,20.98917599450909,-1.852320782268324,0.4195582403435052,-4.414931239943642,1.010421016986299e-05,0.0003136412098096
2835,Kdm4a,11.1765200487485,2.534652615039772,0.6759939420527508,3.749519718095317,0.0001771735662241,0.0037655453143835
2911,AU040320,21.75850176731024,1.4413154626358555,0.4174234293585237,3.452885873825531,0.0005546235979405,0.0099464996868499
2916,Smim12,123.75375105152234,-1.0187829233102492,0.2550332088351961,-3.994706916653322,6.477433037512378e-05,0.0015918891452004
2936,Ccdc28b,1679.827499468645,-0.6787249597569566,0.1118458582034804,-6.068396010893461,1.2919402473932864e-09,9.797336584660745e-08
2938,Kpna6,141.49045071581915,-0.6040294962578762,0.1726624039816962,-3.4983266902846357,0.0004681872624709,0.008642114455132
2953,Ptpru,81.85306673508215,1.0023933920274757,0.2361091872480651,4.245465429408826,2.1814014142419693e-05,0.0006120375934123
2956,Gm12992,59.94714346250388,-1.0304747879554816,0.2393714386042798,-4.304919559175249,1.6704642270936096e-05,0.0004829788836113
3004,Trim63,92.1735043394123,0.8869638534300914,0.2046013653913934,4.335082768061536,1.4570528898692078e-05,0.0004259151740408
3005,Slc30a2,584.5951271152594,0.5611298820077656,0.116682656985204,4.809025578487808,1.5166780043041586e-06,5.783860285954164e-05
3035,Luzp1,434.6095517813388,0.6406388780272279,0.1184076215580553,5.410453056969161,6.286550118638054e-08,3.271717906841004e-06
3041,Ldlrad2,79.96349484310275,-0.7940550509889005,0.2116369175722809,-3.7519685133275713,0.0001754515038239,0.0037374268174125
3100,Gm13165,85.34862548198468,-1.01937657068567,0.211384347965113,-4.8223843463278016,1.418522794649585e-06,5.488401168453249e-05
3145,Slc2a7,119.58793884083354,0.7881471499495519,0.2078117686022458,3.792601137320932,0.0001490775031969,0.0032700951155817
3167,Rnf207,18.389515092857877,-1.5686723846025958,0.4183923364150866,-3.749285653851741,0.0001773389964199,0.0037655453143835
3227,Ankib1,81.01328258877538,-1.310831133863523,0.2626681384459525,-4.990445897317096,6.024007180100538e-07,2.619664273563096e-05
3245,Adam22,69.42044253532417,-0.8498303519964244,0.2440882513679218,-3.481652014112915,0.0004983308367788,0.0091092955026068
3306,Galnt11,18.262391627421117,1.8201176847335856,0.4795179733401447,3.795723593122734,0.0001472134464685,0.0032452984187442
3340,Gtf3c2,431.5219823822706,-0.95465236530374,0.1175471222876657,-8.121443951366832,4.606695650080377e-16,9.860557737454305e-14
3355,Babam2,294.798434049021,-0.8700818157776795,0.1460369476913298,-5.957956733091431,2.554111119002796e-09,1.8223445516282853e-07
3356,Gm17130,173.24375188401413,-0.9960664435710648,0.1887418868901702,-5.277400051376408,1.3102962872507797e-07,6.416583774208523e-06
3363,Depdc5,1888.9242940211775,-0.5915305333579393,0.1046114155293847,-5.654550513101333,1.5625464102679397e-08,9.425706095757194e-07
3370,Slbp,62.21359318556529,-2.0529259265078856,0.2453365207993018,-8.36779587408956,5.870597549404669e-17,1.3912267871098102e-14
3419,Cpeb2,43.72222844974153,1.415302529682446,0.2940413075641185,4.813277907811729,1.4847458889972095e-06,5.711322519675933e-05
3425,Tapt1,116.9132257393666,0.7201206486094126,0.1868926561604352,3.853124373122695,0.000116620114385,0.0026546578696471
3490,Slain2,148.388246595897,-0.6411679749090763,0.1701727206683416,-3.767748275933612,0.0001647266813685,0.0035488438124068
3502,Kit,71.84489571900569,-1.4457658685248835,0.2195339518651714,-6.585614007498997,4.530093232686696e-11,4.486482633655607e-09
3544,G3bp2,166.4357298366613,-0.6340570957686752,0.1601075426752226,-3.960195036250461,7.488857464040293e-05,0.0018102846521908
3566,Paqr3,11.205147441802843,2.788506540820991,0.7133152979587062,3.909220156641611,9.259455006300005e-05,0.0021749066794443
3578,5430416N02Rik,162.02912319228813,-0.8762535400153258,0.1785652070698256,-4.907190792619966,9.239014829278048e-07,3.77264510151843e-05
3630,Gm26779,242.81041114875268,-0.5246549233860635,0.1397985609593741,-3.7529350787704447,0.0001747761301003,0.003729025759746
3652,Ep400,1118.3116242498972,-0.656867631451107,0.1447612816397981,-4.537591985994959,5.690021359668108e-06,0.0001883099088881
3675,Coro1c,165.53694614661757,-0.825344987267759,0.1679482870777226,-4.914280470665404,8.910910899797611e-07,3.684009300660876e-05
3721,Gm15728,131.48524207952926,-0.700793197047847,0.1723926314267487,-4.06509948393949,4.8011977957582826e-05,0.001234150241469
3728,2410131K14Rik,29.223270211615084,-1.6170026573763865,0.3764645894482082,-4.295231750073651,1.7451093726983548e-05,0.000502371941108
3739,Oas1c,85.05561532403331,1.540060848160825,0.2250037508861099,6.8446007770792985,7.668943478018634e-12,8.849960773633503e-10
3763,Anapc7,232.3822343696237,0.5402896601864088,0.1454879229097873,3.7136392449662377,0.0002042999710165,0.0042764430841657
3771,Gm2479,138.5166550354771,-0.860537020571728,0.1772829661394663,-4.854031040380689,1.209767877096876e-06,4.792486417000788e-05
3781,Gm43409,654.398637507545,1.2919802316087703,0.353609474366609,3.6536923506446937,0.0002584959740468,0.0052454129534804
3817,Gm10382,19.969971973370203,-2.1902179568687963,0.4587414133203176,-4.774406437422448,1.802380523594062e-06,6.7952817979025e-05
3840,Nupr1l,122.4124432522312,-1.3934583238375242,0.1985745360322829,-7.01730620491534,2.2618655764213897e-12,2.9720017885829957e-10
3885,Dtx2,65.55689383075847,0.8178881427693101,0.2368509192095723,3.4531769836435378,0.0005540253821644,0.0099464996868499
3893,Sh2b2,12.697676403424587,-5.150069960761978,0.942904714015108,-5.461919835814353,4.7101277894458936e-08,2.5409799143795306e-06
3904,Ufsp1,118.27893358831972,-1.1963280634103757,0.1980637284914456,-6.040116847856092,1.5400266246312911e-09,1.1499695664878072e-07
3938,6330418K02Rik,30.388707931329996,-2.154596441357425,0.3444871034389312,-6.254505378716972,3.987777200216674e-10,3.37081472764812e-08
3957,Mad1l1,20.85163368155664,1.6240272606278172,0.4317726928672598,3.7613014612924887,0.0001690315608712,0.0036239383591635
3959,Gm16121,400.3595389445397,-0.8864560057690206,0.1584392260594309,-5.594927643969359,2.20713797608091e-08,1.284689828095165e-06
4056,Calcr,255.9208005465456,0.8648732529714704,0.2152362488975837,4.018250909878126,5.8631745628897534e-05,0.0014598534638669
4068,Asns,435.72455235780586,0.6227869317643366,0.1172120120332931,5.313337097117987,1.0763565856422593e-07,5.333939399134406e-06
4124,Cpa2,189.6193685876352,-0.6305440329886264,0.1629727958130123,-3.869014026807788,0.0001092763561424,0.0025264804668874
4125,Lncpint,71.69687053202502,1.4561041953181073,0.2426557456467659,6.000699433005631,1.9646937540070764e-09,1.4485250449682173e-07
4143,Tmem140,301.63457934263346,-0.6333579997766374,0.1430683770053216,-4.426960122383151,9.5570392196752e-06,0.0002998379845964
4151,Dgki,151.2120377185303,-1.293366119354344,0.1654397639677396,-7.817746401080138,5.377739283742887e-15,1.034318522239882e-12
4168,Slc37a3,394.42468600479066,-0.6587923138501882,0.122068958201033,-5.396886510370932,6.780724782556482e-08,3.501439633825178e-06
4204,Zfp775,504.510757835016,-0.6385282198188622,0.1446369399781314,-4.414696687550256,1.0115171260534124e-05,0.0003136412098096
4217,Gsdme,283.6425895448754,-0.5165617339307427,0.1372947959696846,-3.762427630868121,0.0001682720082625,0.0036134916207963
4230,Hoxa7,121.88066671143754,-1.222924713640221,0.2600705007911817,-4.702281534890968,2.5727042607506014e-06,9.202791979628364e-05
4314,Loxl3,57.48684406093181,-1.2907167268141475,0.2892160148351715,-4.462812087185925,8.089098784971366e-06,0.0002586757348803
4333,Paip2b,198.37995420425025,0.7668205470314104,0.1611376314791286,4.758792468230692,1.9475454668716223e-06,7.19940832614298e-05
4337,Spr,28.78842443440945,1.225729874354193,0.3523714754827931,3.4785161672771308,0.0005041980225921,0.0091945443492548
4349,Fam136a,115.76339392199549,-0.6700298667233066,0.1829523853547731,-3.6623182880289553,0.0002499430391092,0.0051030678031058
4360,Anxa4,201.1057559880355,0.7579934824649333,0.1501590908572042,5.047936013316419,4.466086634532224e-07,2.0159672015944605e-05
4402,Fgd5,649.3018018427055,-0.5413807271589106,0.1047947884762248,-5.166103534640326,2.3902442253944826e-07,1.1288587585484049e-05
4481,March8,133.38046823134871,-2.173081765820353,0.5080864873639286,-4.27699185053082,1.894357348403816e-05,0.0005429809151331
4506,Slc25a18,18.351330855179057,2.061156031371691,0.4958062217167053,4.157180650607886,3.22199207244434e-05,0.0008690865201912
4538,Lag3,125.9199496327743,-1.2166055412737824,0.2107394020692395,-5.773033088867074,7.785714499625594e-09,4.991508073648854e-07
4539,Ptms,40.47576673589613,1.865103447381344,0.3333078276684443,5.595738511237853,2.19684601415841e-08,1.284689828095165e-06
4546,Iffo1,78.8137312511504,-0.7869561534082987,0.224736529475065,-3.50168330554207,0.0004623288139128,0.008557274322786
4630,Sox5,575.8102536432626,-0.8227995997823088,0.1317886292648591,-6.2433277011228805,4.283581297459481e-10,3.575308641420427e-08
4631,Sox5os4,1170.244176647425,-0.61355255056204,0.1129263735735778,-5.433208657517688,5.534962089289471e-08,2.926473381950621e-06
4647,Mansc4,72.02149051728651,-1.0280721028780548,0.2341825571874154,-4.390045591889632,1.1332689785936909e-05,0.0003457382210325
4666,Prpf31,38.02253944568663,1.2881896705174063,0.3212376701201864,4.010082846247293,6.069744727391092e-05,0.0015028280275598
4688,Il11,14.085514032640129,-2.723589766944317,0.5635643586405132,-4.832792786105983,1.3463089918776545e-06,5.25496077388481e-05
4699,Ssc5d,40.19214794422803,1.4562380951642755,0.3892310863489549,3.7413201212267087,0.0001830561743733,0.0038683733918925
4705,U2af2,306.7233048319234,-1.1407678267532635,0.1488159067203793,-7.665630992637988,1.7795413866573237e-14,3.107407071359124e-12
4706,Zfp787,74.91551431372606,2.116378330010253,0.2873548371109302,7.365034642494112,1.7710087092864726e-13,2.7650654801106796e-11
4725,Zfp110,148.7692067787101,-0.8582300568767958,0.2185914326253602,-3.926183412447368,8.630435617163108e-05,0.0020456906961613
4784,Eml2,412.69595672977215,-0.5159721644337073,0.1177260957082002,-4.382818960654336,1.1715346326099038e-05,0.0003549642947343
4803,Relb,75.10713957393784,-1.1003479076648832,0.2590805263145072,-4.24712703543427,2.1652919837608035e-05,0.000608804871112
4838,Cd79a,402.7283054001184,1.2418433063170091,0.1810798364127405,6.857987785489487,6.9837228777045495e-12,8.129911079826058e-10
4866,Rab4b,371.2303113030724,0.69921247536701,0.1254307392280345,5.574490588752998,2.482552255137461e-08,1.4139893123574783e-06
4867,Snrpa,69.38288190832111,2.3784767675475424,0.6082229081328328,3.910534667050218,9.209204092261812e-05,0.00216693878561
4881,2310022A10Rik,1650.4577442543768,-1.0553099449232544,0.1416845574260392,-7.4483060405093,9.454629871270185e-14,1.493718964543174e-11
4934,Spred3,201.43570068396824,1.002877030440254,0.1843878523755459,5.438953908946653,5.359431649463542e-08,2.8564264024108704e-06
4938,2200002D01Rik,1092.1859222813648,-0.5722019355534453,0.116957993899665,-4.892371324736649,9.962825119028982e-07,4.0309954925193176e-05
4943,Zfp84,264.32318827220666,1.1395033728909174,0.192606223134247,5.916233413167965,3.2939767081934403e-09,2.2767898382518307e-07
5000,Lsm14a,37.68635393869665,-1.3362672534672588,0.3000363487210291,-4.453684559098895,8.440908548554897e-06,0.000268631408508
5007,AC150683.1,137.18327553211944,1.2612044091895207,0.2007926190517288,6.281129332072734,3.3612237109548376e-10,2.9346578860580044e-08
5037,Gm44997,500.3216142821234,0.5653022278108648,0.1144738579792397,4.938264838714395,7.8820751714141e-07,3.320730780947192e-05
5068,Zfp473,270.5781540477673,1.6912332486660986,0.1495668196401521,11.307543028160216,1.2041428147061525e-29,6.947904040854499e-27
5101,Ntf5,80.33030724308044,0.8589706828496263,0.2188068298928286,3.925703248250292,8.647671468212684e-05,0.0020456906961613
5145,E2f8,656.2354855034972,0.5138625336177481,0.1150823893152516,4.465170880403739,8.000487098590456e-06,0.0002564600586603
5164,Atp10a,138.24369881913807,-0.9055795559176496,0.164808326684664,-5.494743949741934,3.9127770370969723e-08,2.1726553999712936e-06
5193,Aldh1a3,10.519392412983755,-2.220096014065756,0.5882092696450504,-3.774330206331928,0.0001604381369138,0.0034756068747764
5317,Pak1,82.4948636319689,1.3057996479884078,0.2293407169387473,5.693710499462522,1.2430779045926133e-08,7.532825055638616e-07
5324,Uvrag,61.07222199406592,1.4404878079060637,0.2574280843345705,5.595690196854788,2.1974579387940545e-08,1.284689828095165e-06
5415,Tead1,457.1568615785762,-0.8342003799996365,0.1155044807161871,-7.22223393263331,5.114039779714247e-13,7.458068342482173e-11
5430,Gm45025,366.39407112062855,0.7320366783166067,0.1425923577498888,5.133772173124596,2.8399184377116056e-07,1.3041023386460457e-05
5444,Smg1,32.452546780260946,-1.281069813915693,0.3578003276388841,-3.5804042505199543,0.0003430630411877,0.006715028937467
5456,Dcun1d3,78.80276648526676,0.9405864909013096,0.2235175894144775,4.208109497625007,2.57516082170691e-05,0.0007046383353581
5508,Aldoa,56.28346222117303,1.0012917868087976,0.2629175984758181,3.8083863256528696,0.0001398766221312,0.0031146017656095
5526,Zfp747,67.3076497566431,1.1626288918757122,0.2378886332543965,4.887282237787312,1.0223747893162311e-06,4.1114957057623344e-05
5541,Zfp629,419.1687532411988,-0.5776064796078871,0.117647385013433,-4.909641464125495,9.124305919135084e-07,3.760517510957817e-05
5546,Setd1a,15.481882556816029,-1.6069882253116765,0.4596691881978555,-3.495966809548218,0.0004723474490305,0.0086942066519889
5564,Inpp5f,208.1069871883475,0.9431852104062848,0.1588593783892186,5.937233419706595,2.8987183135322877e-09,2.035391044385555e-07
5568,Ate1,44.60471963892869,1.133297513964194,0.2970638303346048,3.8149966378864697,0.0001361847876965,0.0030477374663093
5598,Mapk1ip1,714.8919503463203,-0.6776984651906403,0.108842948700652,-6.2263883263076325,4.773101581481748e-10,3.958989442990267e-08
5600,Dpysl4,188.5064461355368,1.6666055652900968,0.2236184076200298,7.45289970994685,9.13106959507302e-14,1.459981019231495e-11
5607,6430531B16Rik,31.795473973667303,1.3098097928918877,0.3387236723147348,3.8668977102812,0.0001102286347054,0.0025396600888474
5621,Psmd13,12.321957098035185,2.0946517141249177,0.5987608746565196,3.498310933102499,0.0004682149267756,0.008642114455132
5701,Gm31135,176.0559738971399,1.3571426849437815,0.1758473047791482,7.7177337841387805,1.184162009280304e-14,2.182640836827627e-12
5727,Tmco3,1726.9825014519186,0.5070239368070333,0.0948993472268347,5.342754735658094,9.154459059622085e-08,4.60184947652442e-06
5740,Defb40,90.96423747778194,-0.89147746933515,0.2046076282107508,-4.357009937170606,1.3185128398063428e-05,0.0003923314775127
5750,Smim19,310.93505522419895,-1.0586338866140048,0.1553134601784888,-6.816111658303184,9.353760636069506e-12,1.0431408184981381e-09
5753,Polb,53.8632642337136,-1.0378258212083675,0.2503392862732474,-4.145676999636295,3.388111577740255e-05,0.000906524773149
5773,Lsm1,48.46176152803128,0.9656109486550196,0.2785948187787196,3.4660046905681265,0.0005282540637508,0.0095571539635638
5798,Wrn,83.4700766064074,-1.2054574284450137,0.2089163785202323,-5.770047504093952,7.924918908341996e-09,5.056326866952242e-07
5811,Ppp1r3b,85.19317209143668,1.6206044928860384,0.2256806888952656,7.180962185196676,6.92224987749758e-13,9.98534544829026e-11
5821,Cnot7,437.2347007804797,0.7060649451053831,0.1220011851464992,5.787361362576429,7.150065518066594e-09,4.651398014228518e-07
5864,Galntl6,17.878328738109285,1.7877467541871248,0.4866340561243587,3.673698401680026,0.0002390648918695,0.0049341060342164
5927,Gm3336,216.6641422062878,-0.5846908210449112,0.1516946753978419,-3.854392512535276,0.0001160173394636,0.0026500277315351
5936,Ccdc124,36.400659587717634,-1.2037408043107627,0.3095628046756116,-3.888518859919728,0.0001008578342065,0.0023482181013237
5944,Use1,59.71100684796567,-0.854664814395262,0.2421863439572471,-3.5289554333671886,0.0004172033838366,0.007842359924782
5945,Ocel1,70.65631139606484,2.2348977014974163,0.2782598581736111,8.031692807458505,9.613684117575373e-16,1.9934875300678559e-13
5947,Babam1,36.55396698611495,1.963173515868406,0.3508043904864264,5.596205660785099,2.1909378684319453e-08,1.284689828095165e-06
5951,Gtpbp3,222.5940022205569,-0.7862500594279551,0.1438641536500128,-5.465225627648105,4.623183717391284e-08,2.5042559638163152e-06
5964,Rab8a,392.1389459903605,-0.6004364977667893,0.148189754755826,-4.051808431400237,5.0823271187294034e-05,0.0012945789480356
5987,Gm45285,23.959535832524683,1.9540800877026212,0.4197106941502721,4.65577864690526,3.227585563825424e-06,0.0001127191789934
5988,0610038B21Rik,181.075247018569,0.8392287860306765,0.1886893905426576,4.447673415114185,8.680537304856122e-06,0.0002755966760113
6003,Gab1,322.5338236639276,0.5055127694570817,0.1309833917338559,3.8593653956085423,0.0001136818526437,0.0026101589384698
6007,Il15,113.98024755449914,0.728160166890301,0.2055751746692155,3.54206274206971,0.0003970110305869,0.0075591583743464
6008,Zfp330,215.13275596964445,-0.5843999359394024,0.1409010001254368,-4.147592532481258,3.359896895799493e-05,0.0009026152166833
6013,Pkn1,273.1854958411278,0.9652708003440964,0.1519385361875056,6.353034750531402,2.1110800125562074e-10,1.9591708284359043e-08
6017,Gm10644,309.63206673336043,-0.8586933403842826,0.1459237130302149,-5.884535984953192,3.991722862639231e-09,2.716623287696679e-07
6018,Asf1b,460.8850939205231,-0.6219904676946286,0.1298734640821582,-4.789203645951541,1.674444860923441e-06,6.34901649980428e-05
6020,1700067K01Rik,173.73588795314456,-0.683333670200666,0.1685958041528308,-4.053088234516377,5.054592742308851e-05,0.0012899903900611
6022,Rln3,16.999268819429343,1.9375465699744825,0.5120303105817248,3.7840466275779834,0.0001542988966762,0.0033679287134716
6037,Gadd45gip1,492.4853785637504,-0.5928204514477038,0.1230565358352168,-4.81746416331385,1.4539419379929568e-06,5.6090882148559685e-05
6043,Dnase2a,70.84775381177248,0.9933183645078946,0.2606573744414698,3.810820110638928,0.0001385065319347,0.0030913037923889
6055,Orc6,62.563175860316505,1.8043260073172709,0.2791533108162463,6.463566568640752,1.0226351696262007e-10,9.763590889287274e-09
6078,Chd9,18.223388284371143,2.1947688676611588,0.5032512683194217,4.361179009027561,1.293634730525449e-05,0.0003875355871061
6098,C78859,177.8922146575495,1.089355619737034,0.1599475524196938,6.810705154641085,9.712150227190033e-12,1.074082880541991e-09
6108,Adgrg1,183.7656866547992,-0.8852702958090858,0.203179270171972,-4.357089653190448,1.318032898784293e-05,0.0003923314775127
6131,Cklf,1171.492442811504,-0.600229721241904,0.1476661832599009,-4.0647743985192974,4.8078944679337126e-05,0.001234150241469
6133,Cmtm4,1444.4761573850292,-0.6044012357397082,0.1149659340066431,-5.257220244953461,1.4624912524888708e-07,7.135559342566104e-06
6163,Pard6a,423.4828544418791,1.30482851431961,0.1413185594132209,9.233242397442227,2.6256103915498526e-20,8.10336639680421e-18
6183,Prmt7,93.9393896182034,-1.5614560519268252,0.2366197696789209,-6.599009263028313,4.139144546378629e-11,4.161408126893241e-09
6190,Chtf8,491.8464241224883,-0.6494894537254391,0.1685404763382599,-3.853611119633464,0.0001163884045114,0.0026539355949676
6225,Mlkl,236.8355097936352,2.4226266356257957,0.1670885468242666,14.499058622933404,1.2282277080621918e-47,1.629980991369335e-44
6226,Wdr59,452.3521195990338,2.2170675796875368,0.1301954624763049,17.028762274192427,5.02559719744494e-65,1.11157834012153e-61
6320,Cog2,25.3918103882223,-1.5371228517585835,0.4408901205308801,-3.4864080190949136,0.0004895537032924,0.0089735734756818
6326,2810004N23Rik,22.402711884707237,-1.5601126867918134,0.377808490606124,-4.129374340658413,3.637517428799585e-05,0.0009597116063141
6377,Mre11a,183.4734741036568,-1.994697038484491,0.1564578235485339,-12.74910383670093,3.153494861790585e-37,2.790002020721524e-34
6451,Sept7,68.47882090860479,-1.1419224470351212,0.236647020463756,-4.825424992874625,1.3970503637967691e-06,5.4211273034932526e-05
6453,Glb1l2,230.58748220411803,0.9688526700187076,0.1918290094829746,5.050605602510269,4.40411552341059e-07,1.9947787409959705e-05
6478,Foxred1,40.31127527978662,-2.6720758677746965,0.4050965452945397,-6.596145780092669,4.219840087150518e-11,4.2106389320732734e-09
6483,Chek1,23.23122659197891,1.8826115916398407,0.4295270759462715,4.382987003770007,1.1706309886389416e-05,0.0003549642947343
6484,Stt3a,68.9890801386445,0.921678256288684,0.2310304981882202,3.989422450787403,6.623436862599797e-05,0.0016247621183652
6555,Gm48529,42.69482290663072,2.343538972295722,0.3429335113382467,6.833799832365207,8.269439162900641e-12,9.460666131970206e-10
6574,Nkapd1,96.09630246398048,1.06617427701004,0.2430023199588976,4.387506576852339,1.1465752769442629e-05,0.0003489954243194
6622,Sin3a,83.19119039016381,-1.0734021873548898,0.2263243692886536,-4.742760095736199,2.108258845357475e-06,7.720244161788519e-05
6635,Arid3b,72.65808015319512,1.1587130863208617,0.2660355227988072,4.35548258417036,1.327740737832736e-05,0.0003941934526124
6660,Glce,1285.3569215802074,-0.6538672601580762,0.1038488814538942,-6.296334163679684,3.047670016577201e-10,2.6963752526664026e-08
6667,Map2k5,635.3726965621897,-0.5802361665109814,0.1056576733240915,-5.491661402870196,3.9817020595435176e-08,2.192579586398424e-06
6668,2300009A05Rik,39.21710955560612,1.645568638149173,0.3593774003322098,4.578943018197592,4.673314767722952e-06,0.0001582131639858
6684,Hacd3,41.54286813549516,1.079888393938552,0.3088301747749099,3.4967062228476404,0.0004710402569079,0.0086821878464241
6705,Aph1b,209.3501014799328,0.8726918674526309,0.1575808951114553,5.538056290614322,3.0584696887736687e-08,1.7271894144559728e-06
6748,Arpp19,481.1535190888732,-0.6129566629089653,0.1183221378883099,-5.180405576237686,2.214039804169448e-07,1.0521092604068646e-05
6810,Zfp949,32.92777749607371,1.2687900801099687,0.336177287846218,3.7741695408357514,0.0001605415578508,0.0034756068747764
6829,C78334,2721.751475147162,0.6403944927599183,0.1068323137016994,5.994389436777039,2.0425137140677926e-09,1.4893516208458064e-07
6840,4921534H16Rik,91.60773412466536,-0.8264298010686781,0.2048077557461977,-4.035148952527012,5.4567669024971525e-05,0.0013741319461677
6850,4930422M22Rik,246.0317064309653,-0.5901164793424623,0.1598512871736514,-3.691659227625739,0.000222795847349,0.0046271106262438
6862,Ky,290.23708759381543,-0.7684341126881744,0.1420774515041922,-5.408557829216838,6.353427316437838e-08,3.2936067936111924e-06
6870,Topbp1,110.24005035284944,-1.3347565102086716,0.2330325016219676,-5.727769735630929,1.0175955918440457e-08,6.281167953191781e-07
6893,Acy1,95.10923935139284,-0.8644392323104836,0.1999144394499117,-4.324046000324392,1.5319333155017178e-05,0.0004468194951653
6914,Hyal1,201.05411343642757,-0.9582391621407677,0.1446558806971394,-6.62426689826041,3.4897573142393506e-11,3.5625053320977247e-09
6933,Dag1,289.206291422701,-0.6058490755590256,0.1392852841260591,-4.34969910396784,1.3632445901568416e-05,0.0004029313798657
6950,Slc25a20,551.8029956241645,-1.6140639028079136,0.1374234468584124,-11.745185699430795,7.475810215894718e-32,4.7243560654828e-29
7097,Pex3,116.83529002849151,-0.870040168198504,0.1929630888921216,-4.508842458906277,6.518228712664922e-06,0.00021201816972
7116,Pex7,120.29014669479362,-0.7337760609155014,0.173055513631831,-4.240119517235271,2.2340080654383284e-05,0.0006251129136042
7120,4933406P04Rik,220.37153706383688,-1.0682045424441993,0.1402801481129467,-7.614794800360014,2.6411071871844176e-14,4.436725757104355e-12
7160,Zup1,1309.0828905482856,0.6694037606699003,0.1229083044488771,5.446367222064592,5.140894641997696e-08,2.7510005158851383e-06
7162,Rwdd1,21.432521923423977,-1.5479811614731498,0.4084359189850992,-3.790022105106834,0.0001506338790478,0.0032987825228454
7168,Nt5dc1,473.9410749878411,-0.8775421905408043,0.1265142877054406,-6.936308984989578,4.0247680947744865e-12,4.900247466582773e-10
7184,Mettl24,323.5626903612021,0.5321539532309778,0.12664985500792,4.201773094787197,2.6483251217993213e-05,0.0007231671335678
7221,Tbc1d32,141.94035000748622,-0.8958550478312723,0.1742668312474367,-5.140708885440582,2.737038463512373e-07,1.2632499525155932e-05
7233,Sowahc,271.85061646613894,0.8363846742181614,0.1353387348463428,6.179935664152268,6.412772956586204e-10,5.157812721627608e-08
7274,Sirt1,288.3173821696758,0.5057346298698607,0.1409866493605703,3.5871100715107795,0.0003343632034394,0.0065835817104516
7293,Ipmk,35.55128130947023,-3.004557207290155,0.3996825694031791,-7.517358617306407,5.589394908566591e-14,9.272107478948404e-12
7299,Specc1l,35.42322163922845,2.130289493461884,0.3726131949061628,5.7171606442932505,1.083187061374179e-08,6.624412668892502e-07
7314,Zfp280b,166.19354516010586,-0.981132446833646,0.1991953327750915,-4.925479092130274,8.415390904762921e-07,3.490020396784647e-05
7322,Slc19a1,109.92915438304068,-0.7458679211918995,0.1909490216675854,-3.906110199874956,9.379375037620806e-05,0.0021991817336442
7344,Ilvbl,131.329744562698,0.6236937567207033,0.1794420541366061,3.4757390608440986,0.0005094477114106,0.0092614802440144
7367,Gpx4,132.73194211384404,-2.6604496759635894,0.198639795646243,-13.393336754642938,6.614117292540297e-41,7.314662549108523e-38
7413,Pip5k1c,751.0134966375709,-1.0050971113081404,0.1728724203097376,-5.814097526414541,6.096186724071674e-09,4.04512470075776e-07
7417,Mfsd12,320.58566419135815,0.694413727581367,0.1625713100721763,4.271440805103127,1.94214082734985e-05,0.0005542828154787
7424,Ncln,77.20530189641464,-2.3054949925556825,0.2427179706041503,-9.498657997251154,2.1261254016690105e-21,7.05395255138736e-19
7431,Gm10778,82.41712663136909,-2.1524707104162246,0.5602666680458772,-3.841868226649475,0.0001221013866471,0.002755795071759
7434,Zfp781,73.18823661374563,1.1473704001344234,0.2339144858521639,4.905084847372692,9.338696201580356e-07,3.801651450649475e-05
7451,Appl2,62.2628846241951,-1.006043553702003,0.2310151106308094,-4.3548820289499774,1.3313859961661065e-05,0.0003943933829267
7455,E230014E18Rik,197.43310913666252,-0.6225777902147797,0.1465600534588101,-4.24793642962031,2.157485907498039e-05,0.0006078979931721
7496,Slc25a3,23.51318882119245,-1.6452800559041167,0.3968546750154232,-4.145799859457811,3.386295190812544e-05,0.000906524773149
7530,Gm10754,90.68394985540716,-3.274644617260108,0.5066032903580034,-6.463922914803812,1.0202285837419731e-10,9.763590889287274e-09
7532,Poc1b,80.16438902315147,1.11438792147272,0.2239167925661356,4.976794766938156,6.46458006702342e-07,2.7764220734455603e-05
7558,Osbpl8,354.5364757215941,-0.8086536879439098,0.1338860254865452,-6.039866259419095,1.5424201856290382e-09,1.1499695664878072e-07
7587,Yeats4,297.1238990077549,-0.5901286393172883,0.1395909042080232,-4.227557967801813,2.3624132354402797e-05,0.0006496599703647
7593,Mdm1,348.157549529474,0.506256635052031,0.13795794136673,3.669644748512607,0.0002428877750045,0.0049897270310923
7595,Dyrk2,19.891641201520446,-2.69893622001139,0.4612863581120876,-5.850891040995359,4.889464674667347e-09,3.260707823995496e-07
7599,Grip1,70.60053840035197,2.6979878712234124,0.303436649339,8.89143706635521,6.032359565038095e-19,1.6678217455754283e-16
7612,Gm35696,38.93445810640565,-1.1491278613854958,0.2885285827350415,-3.9827175889910023,6.813169859333691e-05,0.0016682209816091
7788,Tmem17,30.57491617486649,-1.4561635354968234,0.3586295151881067,-4.060356088463726,4.899793070874808e-05,0.0012553118502621
7792,Commd1,113.71845190557598,-0.7413211910374619,0.1952402363134781,-3.7969693390823145,0.0001464758983422,0.0032344120580703
7840,Rars,116.86072285878214,0.7000359936783223,0.1956733927421514,3.577573751178295,0.0003467983850391,0.0067582398940592
7849,Pwwp2a,255.3335910854936,-0.8753575985100994,0.1424285727479884,-6.145940955674304,7.949085157699165e-10,6.316904738193151e-08
7878,Sqstm1,229.83808270097836,-0.6960645968558354,0.1677627822862772,-4.149100219785593,3.337846650874524e-05,0.0008985104037272
7900,Sar1b,107.0204890840879,-1.1647557257036962,0.250130315122589,-4.65659560350711,3.214810294686385e-06,0.0001125692544083
7914,Sept8,84.10640838791143,-0.9819231708519596,0.2333206517099961,-4.208470890405503,2.571046429393665e-05,0.0007046383353581
7965,Zfp867,634.0119005035748,-0.6585615622538387,0.114011819467211,-5.776256929600495,7.638071170974371e-09,4.944358394912866e-07
7990,Epn2,38.03983048286243,-4.021370232547422,0.4356866940129171,-9.22995879334382,2.7073603414771383e-20,8.165767975396159e-18
7997,Zswim7,50.58825504612064,-3.2649380017612417,0.33365830439972,-9.785274212296756,1.3024176397384698e-22,4.801217915824787e-20
8026,Gas7,185.4102450399984,-0.9330798188409704,0.1625519530495683,-5.740194450671648,9.456790182893213e-09,5.947917654842457e-07
8077,Elp5,463.7031387511391,-0.5359578764594537,0.129310076252115,-4.144749519863404,3.401853537591718e-05,0.0009065461505497
8101,Gm19967,360.02417339469986,1.3788008108333838,0.13393957123353,10.294200572207137,7.483861461990145e-25,3.0096462261233698e-22
8130,Ccdc92b,128.91171168385054,-0.6430695072380066,0.1748478223438623,-3.677881134677913,0.0002351795044647,0.0048690596002357
8131,Cluh,17.532117790936592,1.9189211660901035,0.5282644300517307,3.632501181088781,0.0002806872908494,0.0056610958007029
8134,Sgsm2,645.5193406845642,-0.6664120516871394,0.1216845994219396,-5.476552126176337,4.3369305950733124e-08,2.378322558975947e-06
8138,Ovca2,200.5675439573033,-1.919235263426936,0.1565492845907315,-12.259623341265424,1.4919173955379088e-34,1.0999575420101991e-31
8142,Smyd4,58.72561002764976,-2.051685095056016,0.2631155950978614,-7.7976567458607935,6.306727655300914e-15,1.1956654673356917e-12
8147,Prpf8,263.37581056182177,0.5924569915254546,0.145306729100669,4.077285306690776,4.556456939667972e-05,0.0011810300790299
8148,Scarf1,2066.2798364103764,-1.1128362922367534,0.1031961858191832,-10.783695961269595,4.110314922560247e-27,1.8809651495619673e-24
8149,Slc43a2,34.893665340437835,-2.881052779002009,0.3631226525525842,-7.934103694026087,2.120209005951352e-15,4.263226320906119e-13
8191,Tnfaip1,1011.5746939964492,-0.8794989445406345,0.1385139475815992,-6.349533457795053,2.1596889318614739e-10,1.976636676878181e-08
8205,Adap2,175.65147500611627,-0.7244664452881673,0.1553492328019613,-4.66346973345993,3.1092193263975416e-06,0.0001094494686488
8223,Slfn9,1251.5610521168776,0.6930607524644427,0.1005341430210735,6.893784853959182,5.432716998096564e-12,6.465100684084296e-10
8231,Dusp14,81.7479396424801,-1.2198261538474495,0.2790248904970903,-4.371746734401711,1.2325645471189174e-05,0.0003717582751094
8234,Aatf,149.31814634625948,-0.9470412690908367,0.2235673534765825,-4.236044549277334,2.274916614754709e-05,0.0006315987111801
8255,Cltc,24.51724145732308,1.6780600895354705,0.4326065941190839,3.878951713513524,0.0001049075743923,0.0024339657688137
8256,Ypel2,29.595984927077552,1.9426558722443823,0.3887364217721623,4.997360070837328,5.812048380749741e-07,2.53722677832006e-05
8265,Sept4,1351.688675421446,1.0489755919399693,0.0954028591338043,10.995221751884404,4.029219075995125e-28,1.9804357910196779e-25
8297,Mbtd1,450.2650253265292,0.6040875137464266,0.1205121390490146,5.012669416652978,5.368007630751872e-07,2.3805878202009648e-05
8326,Zfp652,14.028920997001572,2.3300019775955314,0.5891905285200383,3.954581522972137,7.666872699707046e-05,0.0018432439782212
8334,Hoxb9,39.73544522730561,-1.7565130671075966,0.3213580111321665,-5.465907200879416,4.605452438335593e-08,2.5042559638163152e-06
8378,Grb7,983.520137299318,-0.8008290932813938,0.0983214642999663,-8.14500779644784,3.7925747336592733e-16,8.38854321506537e-14
8383,Rapgefl1,2033.7317156404768,-1.4309861772172414,0.3538365437275878,-4.044201206981411,5.2501817108072825e-05,0.0013322210608819
8425,Ramp2,69.21132500418953,-1.2002844540396598,0.2653605087927225,-4.523221859576784,6.09053396721762e-06,0.0001995740155035
8478,Plekhm1,18.050315536998404,-2.0072413231643003,0.432790802255943,-4.637901990295214,3.519636049796404e-06,0.0001222751047561
8479,Lrrc37a,264.519364783277,-0.6309567385514195,0.1562134804568694,-4.039067158007705,5.3664199815957054e-05,0.0013565287538239
8488,Cdc27,21.16124791974696,-3.192677143228308,0.4723873603077335,-6.758599851504197,1.3933161190524672e-11,1.515631001306991e-09
8504,Psmc5,845.0996335334956,-0.5924564855310944,0.1115064944692966,-5.313201606335381,1.0771575306819536e-07,5.333939399134406e-06
8550,Fads6,123.24694669545828,-0.9135968900856892,0.1900275548089007,-4.8077074453988455,1.5267096328781507e-06,5.805433678488808e-05
8567,Myo15b,161.57319456839804,-0.91621450154224,0.1764537536422729,-5.192377507591558,2.07625470743445e-07,9.947283834787936e-06
8570,Sap30bp,808.8457401521641,-0.7701707065663411,0.1245401711926546,-6.184114725319773,6.24519384865527e-10,5.0536565588722006e-08
8598,Syngr2,127.39770235105716,-0.7191644942007944,0.1824055772788771,-3.942667241480641,8.058042197258242e-05,0.0019233503237376
8629,Slc38a10,47.58368577939129,-0.947352018048824,0.2565695440032133,-3.692379084701336,0.0002221659769008,0.0046212612530585
8640,Mrpl12,578.1249983440507,-0.5520790959741321,0.1191119805040353,-4.634958579631948,3.570089579517978e-06,0.0001233819239838
8652,Hmga1b,46.09395117071719,2.1561780434248496,0.3209606963048755,6.717888103584901,1.843771860765208e-11,1.957495709137206e-09
8669,1110002L01Rik,577.967947854081,-0.866114660170557,0.1183501953310021,-7.31823600077892,2.5125171846736494e-13,3.877164599744652e-11
8674,Efr3b,37.06305740364453,1.1672774709675136,0.3305610302900626,3.531201091499637,0.000413677120737,0.0078203832896029
8716,Gm49692,18.942191888445915,-1.9742308333816647,0.4235042388512061,-4.6616554269608885,3.1367604541795173e-06,0.0001101268465275
8779,Lsmem1,214.99634439560057,-0.6915908802718082,0.1572012903060326,-4.39939697012314,1.0855209868588162e-05,0.000334301374042
8803,Dtd2,211.9966833283264,-0.8514829574357049,0.1466350334369418,-5.806818039850432,6.3671267058334835e-09,4.203887488214734e-07
8818,Ppp2r3c,600.2625582225937,0.5660961036291824,0.1638349552325303,3.4552828047331183,0.0005497158932203,0.0098986154937961
8838,Fancm,51.4597607322367,0.9119802525465646,0.2630664170029763,3.4667300483901995,0.0005268307004404,0.0095513254447337
8907,9530018F02Rik,92.01373569500394,0.7332369695923002,0.2061621060830994,3.5566039924754573,0.0003756798070448,0.0072571276845597
8914,Plek2,14.756232701905894,-3.261175677763512,0.6010747117626255,-5.425574581569495,5.776840162056638e-08,3.042239912327525e-06
8940,Adam21,1721.8453717428738,0.542923690949784,0.098839018874435,5.493009715520482,3.951410455641972e-08,2.184965339867692e-06
8948,Rbm25,358.626411699094,0.6005059390244454,0.1312707742554061,4.574559283516336,4.772234689947095e-06,0.0001611509581941
8958,Gm47484,335.22218474551755,-1.4276279111151329,0.3904392282274268,-3.6564663791506993,0.0002557159324086,0.0052049173910965
8973,Prox2,35.04283136844829,-2.0011555932512715,0.3696758267861769,-5.413271434728552,6.188357236777209e-08,3.23329483816025e-06
8974,Rps6kl1,105.07101229969408,-0.9524811895493548,0.1844535683103539,-5.163799205807445,2.4198727659895905e-07,1.1387989885619806e-05
9029,Calm1,103.60294597143468,-0.9402616283263096,0.2044939826462281,-4.597991667818167,4.2658305069112704e-06,0.0001462838156517
9030,Ttc7b,37.44467657854974,-1.9705490290240888,0.422308106027549,-4.66614067051685,3.0690962773460404e-06,0.0001083244061081
9042,Itpk1,28.87189859216041,1.5587450940864973,0.3770630582493982,4.133910920161018,3.5664175384268024e-05,0.0009447091247996
9050,Serpina3m,19.80861531237356,1.6837667401112804,0.4658394939052137,3.6144782959383073,0.0003009530250725,0.0059969183119188
9054,Snhg10,35.96463718518937,2.226149259450545,0.3680250684026858,6.048906584305653,1.4583218319178123e-09,1.099624376783028e-07
9077,Dio3,301.6118712121368,-1.852763856463172,0.5199838476346779,-3.563118094708314,0.0003664757106953,0.0070896489163816
9118,Crip2,12.299324158346325,-2.194397502636088,0.5708331614371306,-3.8442011622300782,0.0001209457671078,0.0027343633309848
9162,Gm48682,214.91849258475688,-0.8155303865725304,0.1423371299657838,-5.729568853668569,1.0068621496677364e-08,6.243956816934828e-07
9174,Stard3nl,99.16851425026977,-0.9107419179959776,0.191315278803658,-4.760424382679068,1.931863063802719e-06,7.161383999923432e-05
9175,Elmo1,144.77813077550005,-0.6845650851349149,0.18371424049356,-3.726249436602121,0.0001943500821429,0.0040875117909961
9182,Zscan26,414.356384340996,1.2124235833120187,0.1239566599469628,9.78102817412777,1.3582366533184268e-22,4.8716644935645524e-20
9203,Hist1h3g,336.1320599300315,-0.5512837550401858,0.1220665928372062,-4.516254138226042,6.294311926270526e-06,0.000205743383186
9231,Sox4,29.01491907797444,1.4574294302017785,0.3623719118892826,4.021916109897266,5.772661897079706e-05,0.0014454527553989
9232,A330102I10Rik,61.858530362926615,1.0838774036636742,0.2543127989895911,4.261985271563295,2.026188003203492e-05,0.0005748314270974
9243,Bphl,37.48900000817749,1.5831811672207563,0.3356517565204059,4.716737322137346,2.396567821966825e-06,8.642622707967864e-05
9326,Pcbd2,72.72947851169546,-1.1311438509338438,0.2216500376129692,-5.103287430561926,3.3380341830652e-07,1.527553504946837e-05
9333,Hnrnpa0,107.72277823545198,-0.849476835846622,0.225425476312856,-3.7683266760305214,0.000164345537566,0.0035463896407131
9339,Isca1,46.93289863563765,-0.9026588633455338,0.2608921990091085,-3.459892119327108,0.0005403918415472,0.0097571974546574
9371,Gm48166,88.13186270019041,0.7996916043710189,0.2201970284303459,3.631709338093916,0.0002815501341245,0.0056614180548872
9397,Ice1,182.39232533212555,-0.8594127223001213,0.1607941464128672,-5.344801048251023,9.051641869494745e-08,4.567465370724895e-06
9409,Gm47469,278.96119188595,-0.8372936522123949,0.171201972416086,-4.89067760374543,1.0048944038459058e-06,4.053481347549853e-05
9426,Gm38604,220.56056465829496,-0.5873027621152923,0.152284896739015,-3.856605446052921,0.0001149725142783,0.0026352335699276
9460,Gm48730,115.60818001021914,1.0929459911069648,0.1957859654944358,5.582351055382599,2.37288800050802e-08,1.3632292924130707e-06
9486,Ocln,698.2994507373323,-0.6030380409300893,0.1340202549139986,-4.499603745098541,6.8080248211624965e-06,0.000219294411169
9527,4933413L06Rik,77.84600951757204,1.2963150282098546,0.2257543470186074,5.742148690953037,9.348267893675466e-09,5.907660153188911e-07
9534,Gm2897,300.96897763249024,-0.5550985298652883,0.1267129748196796,-4.380755251427312,1.1826865693331878e-05,0.0003575269581234
9549,Abhd6,150.7473794531516,0.7109016449439918,0.1704231329189295,4.171391716417797,3.0274491441801935e-05,0.0008199444406615
9555,Gm5087,142.42619864820009,0.6717452326949546,0.1736408133332611,3.86859068326122,0.0001094662247351,0.0025264804668874
9556,Gm281,25.770815848069628,1.807458648108867,0.4568775751915826,3.956111541151795,7.617960244884963e-05,0.0018348085373841
9567,Thrb,195.06370497400005,-1.1121043702842348,0.1483148964360982,-7.49826482037418,6.466815065950781e-14,1.0595197869164542e-11
9608,Anxa11os,131.28821665745463,2.148098644912326,0.2025929427613822,10.603028001041462,2.8848554533180707e-26,1.1964036475307538e-23
9638,Btd,27.767318276343246,-1.453329628599373,0.3410066300587497,-4.2618808565363935,2.027135166013073e-05,0.0005748314270974
9640,Ncoa4,308.2256233861967,-1.170449378444102,0.1382500274777171,-8.466178269894032,2.5357596070418482e-17,6.1185574081913394e-15
9705,Gm26590,28.29852910694172,1.8074556480386232,0.3978715365085961,4.542812144591732,5.5508714468047605e-06,0.0001853860876439
9718,4930579G18Rik,62.30581955375006,-0.971574003031498,0.2545396271403587,-3.8169852527353263,0.0001350922413668,0.0030283938094253
9728,Carmil3,141.40204693005296,-1.175422028861027,0.1873087819700147,-6.275317240860571,3.4892211517449906e-10,3.0265002552161946e-08
9735,Tm9sf1,61.17124077775539,1.940507154006293,0.2743936380154418,7.0719830388235465,1.5273509335873952e-12,2.1336288673303495e-10
9807,Kctd9,46.9443369791199,-1.2711760255723272,0.2821292818469542,-4.5056508039527,6.616982611194811e-06,0.0002141804298369
9812,Slc25a37,18.880843865132288,2.243398074869301,0.495307577180017,4.529302958864183,5.917859346905329e-06,0.0001948781920416
9816,Rhobtb2,85.40589940156546,-1.0622661488726293,0.206247997251919,-5.150431340068422,2.598880614280129e-07,1.2059351269969086e-05
9824,Polr3d,25.774416595146832,-1.8927578051321168,0.379316111628275,-4.989921986195501,6.040368229299279e-07,2.619664273563096e-05
9864,Elf1,260.0061099406873,-1.2912839239311693,0.1455409615340663,-8.872305846549754,7.164668542036159e-19,1.940455433089017e-16
9886,Gm10076,48.32492590193544,1.0706304545887166,0.2970554114480309,3.604143918367973,0.0003131834913863,0.0062126429210586
9894,Dzip1,19.272571531038988,-2.227673566979614,0.4863645499979884,-4.5802548047320215,4.6440978616371686e-06,0.0001576261450685
9898,Gm16835,45.01103956020027,-1.0162926360803028,0.2744778218316273,-3.7026402690696303,0.0002133673217948,0.0044521976848101
9900,Mbnl2,224.0496477306243,-0.918465300074915,0.1563597166994326,-5.874053237385073,4.252667018268693e-09,2.879446122420604e-07
9925,Dab2,801.6563688574939,0.7046330120279722,0.1193137529577121,5.905714928585913,3.5112068297122603e-09,2.410382707255776e-07
9929,Egflam,363.5336035195936,0.971060410106398,0.1264464299991664,7.67961903007305,1.5956239571785397e-14,2.861557504826541e-12
9934,Lmbrd2,238.6327658079956,2.024724524680257,0.1625947958026433,12.452578907493791,1.3539827090086954e-35,1.1230440332034e-32
9972,Matn2,482.697695301876,0.6014960573019591,0.1216971207408654,4.9425660495514,7.710097176028777e-07,3.258621007104392e-05
10009,Emc2,316.2903242828446,0.8336184605814345,0.1359757464400259,6.130640812103311,8.752581017674096e-10,6.873106667784196e-08
10021,Sntb1,266.98177879738506,-1.195947459808494,0.1394529727024132,-8.575991150512046,9.823710143466689e-18,2.5071241791143538e-15
10030,Trmt12,137.69858785790984,0.91863673688915,0.1846100593411826,4.976092528042547,6.488064258052129e-07,2.7775193796325746e-05
10038,9930014A18Rik,678.7147483146524,-0.6853734687591542,0.1115995737619829,-6.141362781733407,8.181648526196568e-10,6.463015332806825e-08
10039,Myc,63.791299344978974,1.503444204646551,0.2537814945457068,5.924167982925075,3.1388247861599205e-09,2.180908049064309e-07
10079,Cyc1,64.20704840138085,1.3370759340110634,0.2581267380279465,5.179920314439889,2.2198070447888037e-07,1.0521092604068646e-05
10082,Dgat1,52.52614338560473,0.9845156749033706,0.2610542594989718,3.7713066884750375,0.0001623949368541,0.0035100052231141
10086,Vps28,16.747355854373268,1.887806125586363,0.5136158792752323,3.675521341455139,0.000237364196408,0.0049066359042549
10091,Gpt,48.8223087264061,2.022404326141692,0.310004087257067,6.523798908704833,6.854859974885934e-11,6.689032847552296e-09
10102,Apol8,13.093221163336002,2.817479631337179,0.6647870886398196,4.238168399301876,2.253507170342429e-05,0.000626966324059
10115,Sox10,23.464998362531485,-1.8867633299568665,0.3960604164719352,-4.763827061446728,1.89955321949466e-06,7.081171566267875e-05
10124,Gm16576,28.219182043354,1.6828503679663165,0.394999971983872,4.260380980571381,2.040787353752229e-05,0.0005774688480095
10125,Dnal4,299.6510101070781,-0.5345749489321411,0.1311003926730124,-4.077599906702535,4.550297955720615e-05,0.0011810300790299
10128,Gm10856,648.3948496647497,-1.3973747698601433,0.1137581374754715,-12.2837346045811,1.1076458751354942e-34,8.646804946425378e-32
10140,Rbx1,106.0685587080382,1.2970364712569555,0.2093792089593904,6.194676528310501,5.8404850191271e-10,4.7551580790696786e-08
10182,Smc1b,55.227020062218365,-1.3400813722660978,0.2827314158999988,-4.739768193075792,2.1396285905495206e-06,7.779455075392517e-05
10192,Tafa5,242.6385833967636,-1.1529948265379362,0.1463872717269619,-7.876332504430266,3.3713033970642525e-15,6.579495203299955e-13
10206,C230037L18Rik,82.45549195100186,1.4297653331225897,0.2289991295147108,6.243540471758616,4.277755566186039e-10,3.575308641420427e-08
10212,Pdzrn4,476.1368588789281,-1.6189606881267795,0.1406683466651462,-11.509061750619932,1.1876344359336527e-30,7.164134817852503e-28
10235,Senp1,306.1737176148736,-0.8229974283940521,0.1525366826599772,-5.395406626408765,6.836854014434464e-08,3.5031617616046234e-06
10251,Mcrs1,46.0999071115987,-4.23871065364827,0.3993853320190451,-10.61308544362401,2.590505231649214e-26,1.1089869332005396e-23
10269,Atf1,872.5550751485872,-0.9345878821957848,0.1490992045218258,-6.268228493861452,3.651786650148468e-10,3.126636169943247e-08
10274,Letmd1,1634.5335393187463,-0.5520402721163165,0.1157042920602424,-4.7711304592650015,1.8319483289373575e-06,6.87564262063625e-05
10275,Csrnp2,368.7991495874885,-1.076765911553722,0.1833764290731578,-5.871888317359194,4.3085897848199915e-09,2.902502286007417e-07
10280,Galnt6,48.2794326829225,-1.041875190993388,0.2560128881232711,-4.0696200829222375,4.7089863699722666e-05,0.0012134554973961
10313,Ppp1r1a,128.55171472041508,-0.6347863294055224,0.1789825805380584,-3.546637485599013,0.0003901810913152,0.0074612294853671
10328,Vasn,192.52753668563776,-1.4050639222870709,0.1815185698332454,-7.740607055123077,9.894325078352944e-15,1.849402649504534e-12
10330,Nmral1,25.09901008161275,-1.997530021297903,0.3985550337943771,-5.011930227754871,5.388674425960319e-07,2.3805878202009648e-05
10352,Gm49455,294.3864772011924,1.4643261686189375,0.207257611433778,7.065246764588968,1.6033082088694937e-12,2.2122112397159882e-10
10363,Gm9961,12.84601831119057,-5.76980453192366,1.5768653104265924,-3.659034474138278,0.000253167285459,0.005160957058874
10371,Pla2g10os,228.8428560108968,0.5440108672733059,0.1430531029358544,3.802859610233288,0.0001430354204644,0.0031689867528936
10378,Abcc1,51.667662049615416,1.0211343337445904,0.2748150048700317,3.71571535632676,0.0002026295944221,0.0042525376130972
10381,Efcab1,82.91284634637306,-1.2867424017580205,0.2115659222533356,-6.081992733296788,1.1869794944806535e-09,9.053106247846413e-08
10409,Ess2,171.5264125545194,-0.6315736708458226,0.152930637003036,-4.129804748235532,3.6307144765795065e-05,0.0009597116063141
10450,Rfc4,161.63727647556615,0.8078011519290339,0.1673129719716583,4.828084412163031,1.3785266250815112e-06,5.364934557611945e-05
10459,Fam43a,11.880437792996716,-1.8692024885218088,0.5322425479086837,-3.511937359886729,0.0004448528361258,0.008303293935621
10479,Lrch3,1003.4352964717782,-1.187125585589164,0.1229473158053071,-9.65556326149514,4.655935191234559e-22,1.584331177509585e-19
10495,Slc49a4,91.27266791923417,-0.772414623884543,0.1987755300073938,-3.8858637371300753,0.000101966692451,0.0023698773651807
10515,D930030I03Rik,338.58761410423193,-0.7223970026463402,0.1402087426581515,-5.152296418545348,2.573158882683528e-07,1.19818917656467e-05
10516,Cd80,75.37136162019674,-1.0394752774035383,0.2259041853341028,-4.601398933207891,4.196627759924532e-06,0.0001442835414558
10524,Zbtb20,130.5727832298544,0.6160172483911797,0.1765787256467862,3.4886266515673614,0.0004855087555298,0.0089117381668561
10542,Dppa2,54.552710215345975,-2.7719769125966174,0.796907041773714,-3.478419398110596,0.0005043800984294,0.0091945443492548
10545,G730013B05Rik,128.81594248717442,-1.645602853132458,0.2409996630951133,-6.828237151862746,8.596439732574307e-12,9.66808065177912e-10
10549,Cep97,81.9007156168022,0.9598849737182656,0.2348642690354853,4.086977460046245,4.3702955971216334e-05,0.0011394536909509
10559,Tbc1d23,55.22339312594037,2.240775375359411,0.3006127488178856,7.454026431583234,9.053384829517303e-14,1.459981019231495e-11
10567,Arl6,132.01212181253052,-1.2237134829550032,0.1906118494250787,-6.41992345515745,1.3634288375575838e-10,1.2832669576756525e-08
10617,Son,138.39477919006987,0.648758169416203,0.1850572076449719,3.505716841144771,0.0004553793968493,0.0084640615904589
10620,Cryzl1,473.490197218026,-0.672759193706963,0.1640177957992157,-4.101745121185074,4.100458106211183e-05,0.0010733171504443
10629,Gm49961,556.7877629063491,0.5228194723510917,0.1154014560848542,4.530440863472855,5.886072931781026e-06,0.0001943136166111
10651,Gm34035,527.008909254553,-0.9027185959176132,0.1297928020893836,-6.955074406175034,3.523760060710189e-12,4.3299833116374925e-10
10693,Wtap,58.471921284913925,-1.1757055663606226,0.2561845965430043,-4.589290621785152,4.447548570214823e-06,0.0001513420950649
10700,Gm3448,37.4215385820633,2.211335735892728,0.3810867705914527,5.802709268707229,6.525187689865438e-09,4.286919100604169e-07
10713,Has1,90.31838989968406,-3.0233256607550816,0.2716469661365029,-11.129613202585364,9.002529723892877e-29,4.778902878631296e-26
10722,Zfp229,34.2557380453689,1.3570161351692096,0.3319826936879926,4.087611074222363,4.358380192164192e-05,0.00113858392776
10735,Mmp25,183.00031562143892,0.6348003500481065,0.1578836647459852,4.020684160514135,5.802936387637395e-05,0.0014502969642247
10749,Amdhd2,31.244339208093862,-3.6406391182121935,0.4187553381395012,-8.693952737145473,3.500433450131561e-18,9.29085046333919e-16
10768,Syngr3,269.6472924802058,-0.7151479404335039,0.1417131226936092,-5.046448252923541,4.5009872421152114e-07,2.0179933003415867e-05
10778,Fahd1,478.8983344320272,0.6231491790957415,0.126944566764468,4.908829065933384,9.162179159934844e-07,3.761670540499419e-05
10781,Eme2,1369.5651182211188,0.6519618793165302,0.1033431488423815,6.308709252810743,2.81372123378368e-10,2.523033411725893e-08
10794,Cacna1h,99.30774541384024,0.7157066348480287,0.2042045721697631,3.504851175678055,0.0004568625933356,0.0084797531135062
10810,Capn15,23.48589699648321,3.3412284376934767,0.5658174457915293,5.905135061750154,3.523579573563563e-09,2.410382707255776e-07
10830,Gm50254,1787.5099243467328,0.5486227052397814,0.0900210149682357,6.094384799297865,1.098591120799899e-09,8.4274004416968e-08
10833,Gm50295,1237.92216113623,0.7666739136786129,0.0972681032622906,7.882069126106226,3.2200379030582064e-15,6.378078061415739e-13
10834,Itpr3,71.8654821573732,-0.9109560505193216,0.2267647155006323,-4.017186044610989,5.88972250482128e-05,0.0014637173663199
10838,Grm4,328.2607806535836,0.8568774488178064,0.1575789085882975,5.437767379494604,5.3952349627306964e-08,2.864006527615963e-06
10887,Ndufv3,11.87320856709038,2.209245825615245,0.6162518378431546,3.584972392694968,0.0003371138634868,0.0066181036720919
10895,Rrp1b,1726.7895018172892,0.5934678622334078,0.0989176188211868,5.999617351345853,1.977830488623872e-09,1.4501540560512382e-07
10898,Gm26549,113.93901866871543,0.7546843949273986,0.1896108157291272,3.9801758777596303,6.886429996679356e-05,0.0016738060894859
10910,Zfp81,266.82827239563426,-1.299662782787406,0.1399548118826009,-9.28630295239587,1.5974058320772854e-20,5.170529950609186e-18
10923,Rgl2,182.26391471050707,-0.5612810806605796,0.1569457488032892,-3.5762745084868226,0.0003485256741478,0.0067720120375048
10928,H2-K1,34.22534219551964,2.272076298633927,0.3773214541578715,6.0215931895653325,1.7270853742832811e-09,1.2804553073806382e-07
10933,H2-DMb1,232.68718438585404,-1.0326629043051698,0.1483973443878126,-6.958769434623247,3.4325774982439283e-12,4.257358502728521e-10
10935,Psmb8,323.92167301396927,-2.1723259315633543,0.1425939488987961,-15.234348640594344,2.092016160556262e-52,3.0847940518602392e-49
10950,Skiv2l,13.996320465025844,-1.7250892851705972,0.4823592910880495,-3.5763575348146466,0.0003484150538555,0.0067720120375048
10961,Abhd16a,245.46991130353837,-0.5218283396656813,0.1511656843808345,-3.4520290885002,0.0005563877409817,0.0099560765248436
10970,H2-Q4,223.08757122474933,0.882107741410526,0.1601491156050632,5.508040041793634,3.62850883483054e-08,2.031811845866502e-06
11008,H2-M3,1021.7272005388086,0.8135075092184443,0.1232053813357608,6.602856956397575,4.0330865780231146e-11,4.085732211980516e-09
11016,Gm49857,167.48326796056173,-0.8437169970468996,0.1741837668010403,-4.843832536993111,1.273582859809326e-06,5.011757332066922e-05
11018,Adgrf2,168.1211005387764,0.8223785188024461,0.1722410756488044,4.7745783966146185,1.8008412167298286e-06,6.7952817979025e-05
11023,Enpp4,18.82093469477452,-2.079671198727605,0.4282360305290498,-4.856366700761598,1.1955920106979594e-06,4.750509453285216e-05
11027,Cdc5l,123.3886696805848,1.347039443811903,0.1893038940930662,7.115751370384738,1.1130478496125119e-12,1.5714104268306006e-10
11061,Ptcra,835.2169462853861,2.204212213331397,0.1133403714698389,19.44772356704302,3.046592377935572e-84,4.043132744758297e-80
11064,Tbcc,126.982533267329,-0.7040586287517794,0.1996872928773928,-3.525805866796283,0.0004221963311397,0.007913795918863
11079,Oard1,1329.1647129150426,0.558815579561274,0.1001228036433274,5.581301753714079,2.387250529113373e-08,1.3655690418906712e-06
11084,Lrfn2,35.601835125382614,-1.5726242077708237,0.3232431829071854,-4.865142688012635,1.1437426302113546e-06,4.58134581434088e-05
11105,Ubxn6,54.32528506332135,-1.258168196155971,0.2593341209444186,-4.851533579823944,1.225104619739308e-06,4.838798633500106e-05
11106,Hdgfl2,370.5332587691432,-0.9508262342403204,0.1927189092195563,-4.933746450158066,8.066714385786799e-07,3.387764766258753e-05
11108,Sema6b,1566.004604653839,0.6677827571333911,0.1056289828842688,6.321965230556462,2.5825749865239237e-10,2.3474899072711642e-08
11111,Plin3,40.8718700299028,-1.7325666023645765,0.3101754041533727,-5.585763987617383,2.3267504735542313e-08,1.3425350232407913e-06
11112,Kdm4b,194.86689236845817,-0.8943079017958969,0.2089993656825179,-4.278998162867165,1.877364123086018e-05,0.0005392748761358
11122,Nrtn,32.62765257796829,1.8115304228310944,0.3619362661649632,5.00510888844014,5.583046211399735e-07,2.453397558658473e-05
11123,Dus3l,24.72607464273952,1.3933206748550109,0.3892007415422283,3.579953803104035,0.0003436549570147,0.0067167082982956
11137,Cntnap5c,47.04598001513608,1.120135493717184,0.2906052853408363,3.8544911266959,0.0001159705892918,0.0026500277315351
11160,A930029G22Rik,113.47884077673892,-1.5249046979132754,0.1876668105800933,-8.125596066772125,4.451692398865458e-16,9.684985217269422e-14
11168,Lpin2,97.46124685567442,0.96409610365263,0.2173983970639161,4.434697388174309,9.220170829759648e-06,0.0002899547087245
11171,Ndc80,331.68380155930345,-0.7866666183779722,0.1452811598322183,-5.414787569747339,6.136151169308597e-08,3.2186902042646e-06
11175,Wdr43,47.56691963706803,-1.2007672985597142,0.2733644908393596,-4.3925503816270535,1.1202865774579689e-05,0.0003425650499872
11195,Prkd3,291.00030485451185,-1.2967199203540511,0.1610950107806311,-8.049410804657636,8.319356283487578e-16,1.7524790037803753e-13
11199,Atl2,1354.454410499764,0.7892333499027931,0.1034223410599764,7.631168873320154,2.3263470206569164e-14,3.95807068091512e-12
11201,Galm,1276.9648803173084,0.6326088502575741,0.105557822522864,5.993007767098927,2.0599500879335e-09,1.493857793276802e-07
11291,Mep1b,525.969030773391,0.61871130492606,0.1215790926968739,5.088961360064239,3.600299561324401e-07,1.6362868314498673e-05
11295,Dtna,15.947465863110216,-1.7713433785933,0.4684253691433724,-3.781484725800876,0.0001558957888486,0.0033916278914916
11299,Ino80c,3859.591487417829,-0.5194792879240038,0.1271841599733499,-4.084465298452692,4.417842764685295e-05,0.0011495919868654
11304,Mocos,152.9742434342928,-1.838939286198953,0.1710565750515852,-10.750474137836488,5.895776682003536e-27,2.6080950782289643e-24
11321,Wdr36,1165.9036800909216,0.5492621746120248,0.1059455124907143,5.18438357320859,2.167304820361484e-07,1.034615189604937e-05
11333,Brd8,111.29835461921986,2.059111258899688,0.2382839528933159,8.641418080812139,5.551955015173005e-18,1.44470578443845e-15
11352,Spata24,374.2874379012904,-1.027560368292416,0.1854686725991393,-5.540344651699332,3.0187693065308765e-08,1.7120550199560366e-06
11355,Tmem173,800.5691820884576,-0.7162150770988531,0.1016844395600776,-7.043507150134765,1.8746037667142306e-12,2.4877866588064553e-10
11401,Sh3rf2,851.1389039201413,-1.213305267556548,0.1753154952927525,-6.920696117194301,4.49429647903342e-12,5.422164415750228e-10
11424,Dmxl1,107.05227603517704,0.6757559501063248,0.1945103925141329,3.47413802096577,0.0005124973391173,0.0093041753589958
11445,Prrc1,32.805916188202424,-3.2433703065541386,0.3820639567102969,-8.489076892991111,2.0828488318167608e-17,5.118793860563007e-15
11475,St8sia3os,1025.3524968437516,-0.5845700921347504,0.0959178852092488,-6.094484786226121,1.0979047306225075e-09,8.4274004416968e-08
11485,AC132307.1,72.74027015572588,1.4318771383581543,0.2342612692249297,6.112308462664883,9.820013617588918e-10,7.665964748177797e-08
11511,Myo5b,1531.6100419163158,0.6926825842283904,0.0972011535009407,7.126279465620603,1.0311824480738569e-12,1.4714862654180808e-10
11531,Gm47272,14.215026633181624,-2.1919451162830867,0.4969961922552511,-4.41038613663529,1.0318645287864055e-05,0.0003192045259096
11535,Zfp516,27.04039170118546,2.00051604699646,0.4013119921706553,4.9849396131321,6.198116777455619e-07,2.6706236283640757e-05
11550,Gm48683,252.97818649445205,1.749533250897889,0.1556219951986054,11.242197792575064,2.530039455256218e-29,1.399006400446053e-26
11560,Cdk2ap2,650.4991971217513,-0.6002811520754608,0.1322264159513997,-4.539797496258964,5.63082813450295e-06,0.0001872850129648
11562,Aip,612.4142238898206,0.7784682466939851,0.1129766268199278,6.890524780269612,5.558694223977637e-12,6.528268234195328e-10
11573,Sptbn2,39.14231728210873,-1.2751421348059446,0.3016399935919887,-4.227364281577187,2.364447032523379e-05,0.0006496599703647
11591,Sart1,115.17004749140818,0.7391581579335564,0.1835003478516077,4.02810221663065,5.62288978357431e-05,0.0014106119152705
11597,Mus81,79.0763222317858,-1.642692422953348,0.2133886138572956,-7.698125936803285,1.3807625548348551e-14,2.510150666467584e-12
11604,Znrd2,130.72054715085974,-0.7531409061260974,0.1672692231653386,-4.502567130246363,6.713753837507852e-06,0.0002167840077313
11629,Sf1,172.1172199233193,-1.0785776905298157,0.1526850056423454,-7.064070803758641,1.6169428848801966e-12,2.2122112397159882e-10
11630,Pygm,60.068832006682925,-1.6045451130680826,0.2526436067967245,-6.351022032230127,2.1388906912790492e-10,1.9711957197197407e-08
11631,Nrxn2,30.83387405228416,-1.288120204913187,0.3264759818201094,-3.9455282368151368,7.962424762819725e-05,0.0019039520545473
11636,Catsperz,12.30794407681949,-1.84862100490215,0.5090231040940562,-3.631703531792078,0.0002815564702151,0.0056614180548872
11637,Kcnk4,91.15571624635344,-1.908258610970118,0.2106591321496708,-9.058513587791303,1.3224025299984781e-19,3.899911994579957e-17
11638,Gpr137,25.10237577427052,-1.882049968519271,0.4253528668549439,-4.424679166817742,9.658571617136208e-06,0.0003015974210141
11643,Fermt3,1198.707094549875,-0.5892670303603826,0.1249956363486878,-4.714300815402572,2.425421277500981e-06,8.72297175439445e-05
11646,Flrt1,477.6289245767857,-0.6184358890753026,0.1146149218097583,-5.3957711553632,6.822986479216042e-08,3.5031617616046234e-06
11679,Fen1,154.30551965991154,-1.2883608471436654,0.1911803110888914,-6.738982899471418,1.5949917060430156e-11,1.7070270105561983e-09
11704,Pcsk5,29.265906642497896,1.2030008153836598,0.348504156746308,3.451898039366511,0.0005566580349208,0.0099560765248436
11734,Cd274,194.02844659778577,-0.6397271444846033,0.1684142575785943,-3.798533174580306,0.0001455549492825,0.0032194328865473
11739,Uhrf2,209.0119792263609,-0.539272888619614,0.1524246313739715,-3.5379641975089724,0.0004032247287738,0.0076336595942336
11762,Myof,1742.6465847911106,-0.979131120996748,0.1058954978245927,-9.246201596016846,2.3261220788830087e-20,7.349991930680097e-18
11769,Tbc1d12,241.8505154144381,0.5682864045627853,0.1435425475956551,3.959010161667124,7.526103500383482e-05,0.0018159803555198
11792,Hps1,40.849692005960485,1.6456726713851733,0.3469286007075495,4.743548580396306,2.100065511351626e-06,7.720213130511756e-05
11808,Gm35867,1020.5516001884006,-0.7060119322310693,0.1156565707410395,-6.10438237713154,1.0319895596124086e-09,8.009083886325308e-08
11862,Sfxn4,18.0168441743826,-1.819019270668325,0.5231043482438168,-3.477354521665126,0.0005063877674874,0.0092184801952351
11877,Hdac6,59.62331944889049,1.3089216137097568,0.2654898973589732,4.930212511777585,8.214021345756463e-07,3.438746917335458e-05
11909,Araf,406.5755031438409,0.5779251615822729,0.1223070722175287,4.725198233462791,2.2989098579671848e-06,8.313033440076978e-05
11926,Rhox5,17.065714889112844,2.630591187717804,0.6021675362991487,4.368537041842392,1.250816041790982e-05,0.0003755561015974
11959,Fmr1,189.5114781772783,-0.5430094338538073,0.1513424384437411,-3.587952192640673,0.0003332853806723,0.0065738363700174
11974,Abcd1,1318.354063856738,-0.5399028709314483,0.1001895518311758,-5.388814113483715,7.092411585152017e-08,3.62013054409817e-06
11992,4933407K13Rik,672.6883229980257,0.5112084772281452,0.1056950475046371,4.836636051520928,1.3205489740447696e-06,5.169618122285587e-05
12000,Pola1,213.55672819033683,-0.5756813251694868,0.149747222618594,-3.844353939276365,0.0001208704498993,0.0027343633309848
12001,Pcyt1b,94.72121373129193,-0.7568240674978759,0.2188565608508572,-3.45808261153123,0.0005440345354731,0.0098096227177499
12026,Ercc6l,174.49343095394693,1.2242282663013144,0.1975722299331129,6.19635799381204,5.778461562212404e-10,4.7337014439580765e-08
12047,2610002M06Rik,12.327153183199895,-2.850405930102487,0.5975794049962551,-4.769919957533259,1.8429913657844729e-06,6.889672793049504e-05
12057,Diaph2,193.20937700610853,-3.098419343922969,0.1791495057441629,-17.29515987807252,5.116087398435719e-67,1.3579119172928084e-63
12069,Bex4,102.11336957879142,-1.1873849971195714,0.1924030216374059,-6.17134277317777,6.771244465788715e-10,5.4133244159928943e-08
12070,Tceal8,198.931595172969,-1.48730930169871,0.1492258316367954,-9.966835402323037,2.129045225688397e-23,8.310164467679623e-21
12082,Fam199x,440.3902508431759,0.8623941803376772,0.1185544101371778,7.274247995834248,3.4835551586374725e-13,5.194411293289651e-11
12083,Nrk,252.02174205628413,-0.8787398942048793,0.1391032104286527,-6.317179103897051,2.6638080220622605e-10,2.4048568884889977e-08
12193,Gm13944,898.6334805535794,-0.96800401449921,0.1325503937694934,-7.302913156052781,2.816029551693112e-13,4.249902117303445e-11
12213,Cd160,869.5332369403246,0.5324624889793456,0.1106935933840307,4.810237636175263,1.507509612048171e-06,5.765463994666074e-05
12224,Gm11827,11.4112111779205,2.569348092628059,0.6721178272223741,3.822764385295757,0.0001319638634932,0.0029632697672067
12234,Calr4,151.62952349625508,-0.9590737201823836,0.1660605231725503,-5.7754468181810354,7.674913942823076e-09,4.944358394912866e-07
12238,Foxo6,210.11774056411903,-3.025975438953213,0.174074146939843,-17.383255883476693,1.1049803093698701e-67,3.666048421411886e-64
12245,6330411D24Rik,1423.2594068941896,0.8639732515482488,0.0955799682673246,9.039271169580518,1.5771985779429357e-19,4.5502178973653686e-17
12268,1700065J11Rik,222.49548685216536,0.5712258342311888,0.1493335965343438,3.825166255202444,0.0001306838643899,0.0029395009564722
12285,Gm26604,254.1534432300226,-1.1988336165619442,0.1561903817662056,-7.675463770595198,1.6482123556819817e-14,2.9164568229674105e-12
12312,2810404M03Rik,31.100683262113744,-1.8119976240333189,0.3947978902150424,-4.589684162309839,4.439171897015823e-06,0.0001513420950649
12336,Islr2,357.9706266443805,-0.5729644167496856,0.1265210238385635,-4.528610339739019,5.937287445432627e-06,0.00019503401408
12368,Icam2,128.36204569343485,-0.9001373175384138,0.2234413118962226,-4.028517868515213,5.612959528773829e-05,0.0014106119152705
12391,1700084F23Rik,108.45048062932348,-1.0938549482377815,0.1949492231435649,-5.610973619690921,2.0119143665575377e-08,1.1973145990396895e-06
12392,Gm10739,178.8249228325606,-6.874053484924792,0.4262394491223844,-16.127210888335846,1.6427340653725433e-58,3.114389111651289e-55
12400,Olfr221,188.1263936797109,-3.1606985762804958,0.1766451793395883,-17.89292290962703,1.338969663610463e-71,5.9231554685914855e-68
12514,Gm20711,60.84537280430863,-0.9843341039561828,0.2595157845817777,-3.7929642913338975,0.0001488595695459,0.0032700951155817
12548,G630016G05Rik,42.95443957420751,1.1126499632584836,0.316781934753835,3.512352950691781,0.0004441577169225,0.0083019958609562
12560,Banf2,270.99267600158527,-0.5072601495955802,0.1299406449672897,-3.903783529189608,9.470049039200776e-05,0.0022165259400217
12590,1700034I23Rik,27.305765805018567,-1.455413711157567,0.3440484716922677,-4.23025774245948,2.33423706148305e-05,0.0006443543281941
12613,Gm5544,338.39074216150703,-0.638463759720455,0.1326714444396595,-4.812367592868375,1.4915268844270051e-06,5.720824648332597e-05
12615,Hsd3b2,25.5564186458367,-1.61798735361165,0.3629077210562618,-4.458398815275722,8.257416000935807e-06,0.0002634234801644
12719,Gm9484,91.49336017551325,0.7686602506265771,0.2102587429748764,3.655782583644682,0.0002563985944762,0.0052108204399616
12724,Gbp9,415.4792031623422,0.6536479390081298,0.1267681089224001,5.156249032698391,2.5194577310473853e-07,1.1773142094623186e-05
12754,Gm43332,26.39498884442223,3.918209445833284,0.6249529841215826,6.269606747042924,3.6196108240127736e-10,3.119211379576202e-08
12767,Hoxa13,303.8653914773841,0.5763636114557187,0.1299086922267771,4.436682423448469,9.1355917894406e-06,0.0002882718208051
12776,Emx1,66.09662428353084,-1.0939361073307396,0.2395209232313291,-4.56718391267312,4.943202773587173e-06,0.0001660790987551
12784,Cntn6,164.8604027447044,1.034672283453552,0.1870631756984326,5.531138234932794,3.1815946530369985e-08,1.7891077390022884e-06
12786,Gm44081,14.283341180795873,-1.8979199281588133,0.4916255087067389,-3.860499291730096,0.0001131555687976,0.002602578082346
12834,A230006K03Rik,141.4282081897538,-1.1046731809870385,0.2102754904115963,-5.253456685915866,1.492707926064717e-07,7.256310214946835e-06
12857,Gm5901,445.900821652496,-0.6894412068212892,0.1533613960250926,-4.495532935214571,6.939591523226327e-06,0.0002229910874206
12867,Gm44623,46.448112388109415,-2.4155811004038195,0.2924434054240897,-8.25999511563901,1.4567842866546975e-16,3.333273149688705e-14
12883,Gm45572,176.6439420285268,-0.958914579866382,0.1758268870471411,-5.453742575839873,4.9320586711230685e-08,2.649933223662924e-06
12925,Gm16095,35.09929904461428,1.691858252168552,0.3570628633901482,4.738264394412607,2.155564545278729e-06,7.815982808850825e-05
12931,4930448E22Rik,463.2537706991004,-0.5652729450801803,0.1154863372846916,-4.894717058059392,9.844726473614851e-07,3.995393426034944e-05
12936,Lman1l,99.70990797952828,0.96332734666638,0.2048339599259219,4.70296696414387,2.5640791982256024e-06,9.196728389095128e-05
12976,Gm40614,23.70380800338773,3.5368516419436924,0.6272313177470613,5.638831387832536,1.7120807613186834e-08,1.028100623685984e-06
12977,Gm48159,20.2911085830526,-2.0419028933650254,0.4160045379762479,-4.908366873347927,9.18379364872136e-07,3.761670540499419e-05
12978,5930403N24Rik,342.4356999726619,-0.6081161438184427,0.1402406657188496,-4.336232580623769,1.449455761741608e-05,0.00042462974424
12980,1700027J07Rik,889.3239753839597,2.347833758650076,0.4551602252268729,5.158257748641827,2.492583361759539e-07,1.1688718655092167e-05
12995,Prss57,12.347181294920723,-4.347652406461785,0.7765096172107159,-5.598967881529784,2.1563173966189603e-08,1.277521793327242e-06
13076,Bdkrb1,540.1224427784974,-1.851752585614818,0.153310749212893,-12.078426301624845,1.373227709875521e-33,9.591634177767389e-31
13112,Gm47920,116.14432927903395,0.6747633671250014,0.1874458687286168,3.599777214092247,0.000318489935931,0.0063084775220023
13128,Fbxo43,23.583160714812777,-1.4252694342779806,0.3678632338834957,-3.8744546967402864,0.0001068637202042,0.0024750234394946
13161,BC016579,12.959665300986996,3.017201724931008,0.7232956824701158,4.171463756878804,3.0264919968262685e-05,0.0008199444406615
13227,Gm16726,17.434398382815576,-1.610769712994377,0.4234508621623973,-3.803911756771041,0.0001424289349181,0.0031608267479907
13236,Gm14643,132.55953904824952,-0.7875663205958149,0.173527894772377,-4.53855745572719,5.66403638812462e-06,0.000187918567267
